episode,max_tile,score,avg_max_log_500,rate_2048_500,rate_4096_500,eps_per_sec
200,512,6812,8.165,0.0000,0.0000,319.3
400,256,3504,8.470,0.0000,0.0000,256.5
600,512,5396,8.804,0.0000,0.0000,212.7
800,512,9180,9.048,0.0040,0.0000,205.1
1000,1024,15824,9.162,0.0140,0.0000,200.6
1200,512,6768,9.256,0.0200,0.0000,195.1
1400,512,8844,9.374,0.0240,0.0000,186.1
1600,512,7948,9.438,0.0220,0.0000,183.2
1800,1024,11460,9.466,0.0320,0.0000,178.7
2000,512,8828,9.514,0.0440,0.0000,175.4
2200,512,7212,9.530,0.0440,0.0000,173.0
2400,2048,25204,9.596,0.0460,0.0000,169.6
2600,1024,16484,9.616,0.0420,0.0000,167.1
2800,512,6216,9.608,0.0440,0.0000,164.3
3000,512,9292,9.612,0.0600,0.0000,162.7
3200,1024,13448,9.636,0.0660,0.0000,161.1
3400,1024,16216,9.664,0.0640,0.0000,159.6
3600,1024,18520,9.744,0.0880,0.0000,157.8
3800,1024,16416,9.740,0.1060,0.0000,156.0
4000,2048,27400,9.706,0.1100,0.0000,150.5
4200,1024,17448,9.766,0.1080,0.0000,145.5
4400,1024,16900,9.792,0.0860,0.0000,142.7
4600,1024,12564,9.838,0.0960,0.0000,140.8
4800,2048,23832,9.832,0.1100,0.0000,139.8
5000,1024,14040,9.784,0.1060,0.0000,138.4
5200,512,6684,9.784,0.1120,0.0000,137.9
5400,2048,29236,9.830,0.1240,0.0000,137.4
5600,1024,14228,9.860,0.1560,0.0000,137.0
5800,512,9832,9.924,0.1780,0.0000,135.9
6000,2048,25392,9.950,0.1840,0.0000,134.4
6200,512,9452,9.906,0.1740,0.0000,133.3
6400,1024,19124,9.932,0.2000,0.0000,132.1
6600,1024,20812,9.990,0.2420,0.0000,131.1
6800,512,9584,10.028,0.2560,0.0020,130.4
7000,1024,17592,10.072,0.2780,0.0040,129.7
7200,1024,25788,10.080,0.2660,0.0100,128.9
7400,512,11024,10.076,0.2660,0.0120,128.2
7600,2048,30392,10.114,0.2820,0.0120,127.3
7800,1024,15912,10.132,0.3040,0.0080,126.6
8000,1024,22476,10.156,0.3160,0.0120,125.8
8200,1024,16016,10.110,0.2980,0.0080,125.3
8400,2048,34280,10.144,0.3000,0.0080,124.6
8600,1024,18556,10.240,0.3540,0.0140,123.5
8800,2048,36900,10.264,0.3820,0.0180,122.1
9000,1024,18044,10.268,0.3980,0.0120,120.6
9200,1024,14084,10.260,0.3860,0.0160,119.7
9400,1024,23536,10.300,0.3960,0.0220,118.8
9600,1024,17356,10.334,0.4220,0.0300,117.7
9800,1024,18036,10.382,0.4500,0.0320,116.5
10000,1024,12272,10.334,0.4320,0.0240,114.7
10200,2048,43844,10.344,0.4400,0.0240,110.0
10400,2048,27700,10.436,0.5020,0.0340,108.7
10600,2048,45324,10.440,0.5020,0.0420,108.0
10800,2048,37476,10.442,0.4760,0.0560,107.3
11000,2048,33580,10.424,0.4660,0.0600,106.1
11200,1024,18948,10.438,0.4880,0.0540,104.9
11400,2048,22892,10.514,0.5320,0.0520,103.9
11600,4096,51244,10.512,0.5340,0.0580,102.6
11800,1024,21600,10.474,0.5140,0.0580,101.5
12000,2048,36520,10.470,0.5260,0.0420,100.5
12200,1024,13924,10.512,0.5640,0.0440,99.9
12400,2048,35420,10.496,0.5420,0.0500,99.4
12600,2048,38552,10.514,0.5560,0.0600,98.6
12800,1024,22076,10.512,0.5480,0.0580,98.1
13000,2048,33380,10.562,0.5720,0.0640,97.4
13200,512,8688,10.556,0.5680,0.0580,96.8
13400,1024,11920,10.538,0.5500,0.0640,96.2
13600,2048,36516,10.540,0.5500,0.0680,95.6
13800,2048,34848,10.560,0.5740,0.0580,95.1
14000,1024,16312,10.526,0.5600,0.0520,94.6
14200,2048,31772,10.536,0.5620,0.0560,94.1
14400,2048,37348,10.544,0.5660,0.0640,93.6
14600,2048,31176,10.578,0.5880,0.0660,93.0
14800,2048,38184,10.608,0.5960,0.0700,92.5
15000,2048,37704,10.608,0.5980,0.0660,92.0
15200,1024,23852,10.576,0.5840,0.0620,91.6
15400,2048,26144,10.584,0.5880,0.0720,91.1
15600,2048,23284,10.584,0.5960,0.0560,90.6
15800,256,4656,10.628,0.6220,0.0840,90.1
16000,2048,44852,10.616,0.6060,0.0860,89.7
16200,2048,34136,10.630,0.6160,0.0900,89.3
16400,2048,24852,10.632,0.6160,0.0860,88.9
16600,2048,32824,10.630,0.5960,0.0960,88.5
16800,2048,36996,10.616,0.5860,0.0860,88.1
17000,2048,31504,10.606,0.5680,0.0880,87.8
17200,2048,42864,10.598,0.5740,0.0800,87.4
17400,256,4572,10.592,0.5720,0.0840,87.1
17600,2048,40568,10.632,0.6080,0.0940,86.7
17800,1024,18976,10.636,0.6320,0.0840,86.4
18000,1024,17756,10.648,0.6480,0.0700,86.0
18200,2048,36048,10.650,0.6640,0.0660,85.7
18400,2048,26256,10.666,0.6560,0.0820,85.3
18600,2048,31696,10.708,0.6680,0.1020,84.9
18800,4096,47800,10.694,0.6620,0.0980,84.5
19000,1024,17424,10.708,0.6820,0.0920,84.2
19200,2048,44088,10.726,0.6840,0.1000,83.7
19400,1024,20472,10.756,0.6900,0.1100,83.3
19600,4096,50164,10.748,0.6880,0.1120,83.0
19800,2048,35544,10.712,0.6660,0.0980,82.9
20000,2048,45280,10.754,0.6780,0.1200,82.4
20200,4096,56356,10.794,0.6980,0.1380,82.0
20400,1024,20332,10.770,0.6860,0.1340,81.8
20600,2048,34820,10.742,0.6780,0.1300,81.6
20800,2048,36212,10.802,0.7100,0.1420,81.4
21000,4096,64984,10.744,0.6740,0.1340,81.2
21200,2048,27768,10.714,0.6640,0.1240,80.9
21400,2048,37024,10.696,0.6600,0.1200,80.7
21600,1024,12356,10.754,0.6920,0.1180,80.4
21800,512,10468,10.780,0.7080,0.1180,80.2
22000,2048,26760,10.744,0.7000,0.1100,80.2
22200,2048,29364,10.770,0.7080,0.1160,80.0
22400,2048,29816,10.794,0.7040,0.1480,79.8
22600,4096,71076,10.834,0.7140,0.1640,79.6
22800,512,9440,10.822,0.7160,0.1400,79.5
23000,2048,23196,10.812,0.7100,0.1420,79.3
23200,2048,35776,10.836,0.7260,0.1580,79.0
23400,1024,16316,10.864,0.7340,0.1800,78.4
23600,2048,36124,10.812,0.7060,0.1700,77.8
23800,4096,58744,10.848,0.7240,0.1740,77.3
24000,1024,12140,10.834,0.7200,0.1780,77.1
24200,2048,36928,10.840,0.7260,0.1680,76.9
24400,4096,48076,10.826,0.7200,0.1600,76.7
24600,1024,20172,10.838,0.7240,0.1620,76.5
24800,4096,52248,10.840,0.7180,0.1740,76.3
25000,1024,20276,10.868,0.7360,0.1780,76.1
25200,2048,23596,10.890,0.7460,0.1820,75.7
25400,1024,22132,10.894,0.7440,0.1820,75.5
25600,2048,36940,10.934,0.7620,0.1980,75.1
25800,4096,72424,10.906,0.7520,0.1940,75.0
26000,2048,34444,10.880,0.7460,0.2040,74.7
26200,2048,34608,10.854,0.7220,0.2060,74.4
26400,4096,58276,10.894,0.7140,0.2400,74.2
26600,2048,36900,10.968,0.7540,0.2560,73.9
26800,1024,21076,10.960,0.7680,0.2300,73.8
27000,512,6752,10.942,0.7720,0.2180,73.5
27200,2048,45656,10.916,0.7460,0.2240,73.3
27400,2048,41132,10.952,0.7540,0.2440,73.1
27600,1024,16892,10.904,0.7360,0.2100,72.9
27800,2048,40788,10.922,0.7520,0.2200,72.7
28000,2048,42408,10.928,0.7500,0.2240,72.5
28200,4096,62368,10.950,0.7520,0.2460,72.4
28400,1024,20020,10.878,0.7260,0.2120,72.2
28600,2048,45344,10.902,0.7340,0.2160,72.0
28800,2048,33868,10.940,0.7440,0.2420,71.8
29000,4096,52684,10.924,0.7300,0.2400,71.8
29200,2048,27532,10.922,0.7280,0.2460,71.7
29400,4096,77624,10.922,0.7500,0.2320,71.4
29600,2048,43232,10.968,0.7760,0.2480,71.2
29800,1024,16412,10.978,0.7820,0.2420,71.0
30000,4096,56164,11.002,0.7820,0.2520,70.9
30200,4096,60624,11.028,0.7860,0.2800,70.7
30400,1024,15408,11.070,0.8000,0.2900,70.4
30600,1024,18028,11.064,0.7940,0.2920,70.2
30800,2048,37196,11.010,0.7660,0.2760,70.1
31000,4096,84352,10.990,0.7560,0.2780,69.9
31200,2048,45056,10.964,0.7560,0.2680,69.8
31400,1024,20892,10.932,0.7360,0.2620,69.6
31600,2048,31836,10.956,0.7520,0.2620,69.3
31800,2048,45016,11.030,0.7980,0.2640,69.1
32000,4096,63548,11.080,0.8220,0.2860,68.9
32200,2048,47164,11.126,0.8160,0.3300,68.7
32400,4096,59948,11.074,0.7900,0.3240,68.5
32600,2048,34528,11.084,0.7900,0.3300,68.3
32800,2048,33456,11.058,0.7800,0.3120,68.2
33000,1024,16456,11.054,0.7820,0.3040,68.1
33200,4096,57160,11.054,0.7880,0.3000,68.0
33400,4096,57212,11.084,0.7980,0.3140,67.8
33600,2048,34644,11.102,0.7940,0.3380,67.7
33800,8192,104396,11.112,0.8120,0.3240,67.6
34000,4096,66628,11.078,0.8000,0.3040,67.5
34200,4096,59404,11.096,0.8060,0.3200,67.4
34400,2048,39872,11.066,0.7920,0.3000,67.2
34600,4096,80288,11.072,0.7800,0.3240,67.0
34800,4096,61664,11.126,0.7960,0.3600,66.8
35000,2048,25440,11.134,0.7920,0.3760,66.6
35200,2048,30136,11.100,0.7980,0.3380,66.5
35400,1024,16908,11.058,0.7820,0.3200,66.3
35600,4096,69748,11.118,0.8040,0.3600,66.1
35800,4096,63848,11.114,0.7880,0.3640,65.9
36000,4096,70156,11.142,0.8000,0.3720,65.7
36200,4096,81352,11.136,0.8100,0.3620,65.5
36400,4096,68272,11.184,0.8460,0.3840,65.4
36600,2048,28308,11.192,0.8360,0.4000,65.2
36800,2048,34820,11.178,0.8300,0.3780,65.1
37000,2048,46120,11.166,0.8080,0.3860,64.9
37200,4096,62180,11.178,0.8060,0.3980,64.7
37400,2048,45328,11.186,0.8060,0.4100,64.5
37600,4096,52260,11.178,0.8280,0.3820,64.4
37800,8192,113436,11.190,0.8280,0.3900,64.1
38000,4096,51648,11.180,0.8140,0.4020,64.0
38200,4096,65680,11.162,0.8000,0.4000,63.9
38400,2048,25612,11.186,0.8180,0.4080,63.7
38600,4096,62056,11.192,0.8340,0.4020,63.6
38800,2048,30456,11.218,0.8220,0.4260,63.5
39000,2048,46168,11.168,0.8060,0.4000,63.4
39200,4096,72140,11.164,0.8100,0.3880,63.2
39400,2048,40436,11.172,0.8060,0.3800,63.1
39600,1024,17340,11.146,0.7980,0.3680,62.9
39800,2048,40524,11.110,0.7980,0.3380,62.8
40000,4096,56852,11.124,0.8020,0.3460,62.6
40200,4096,73360,11.134,0.7900,0.3780,62.4
40400,512,8116,11.146,0.7920,0.3940,62.2
40600,1024,20184,11.142,0.7900,0.3900,62.1
40800,1024,20364,11.116,0.7940,0.3620,62.0
41000,2048,37572,11.166,0.8020,0.3860,61.9
41200,1024,20252,11.196,0.8140,0.3960,61.7
41400,2048,28188,11.158,0.8060,0.3720,61.6
41600,4096,69880,11.166,0.7920,0.4040,61.4
41800,2048,27700,11.162,0.7960,0.4020,61.3
42000,4096,59684,11.174,0.8020,0.4080,61.1
42200,4096,65452,11.190,0.8080,0.4100,61.0
42400,2048,40184,11.252,0.8260,0.4460,60.8
42600,2048,29488,11.282,0.8360,0.4700,60.6
42800,4096,71924,11.240,0.8200,0.4500,60.5
43000,2048,36432,11.238,0.8280,0.4300,60.4
43200,4096,51796,11.212,0.8240,0.4080,60.2
43400,1024,14944,11.210,0.8240,0.4080,60.1
43600,2048,43624,11.242,0.8220,0.4300,60.0
43800,4096,75020,11.246,0.8120,0.4460,59.9
44000,2048,36160,11.256,0.8260,0.4400,59.8
44200,2048,36812,11.270,0.8420,0.4360,59.7
44400,8192,136280,11.312,0.8500,0.4600,59.6
44600,2048,23760,11.304,0.8460,0.4620,59.5
44800,8192,123320,11.258,0.8220,0.4460,59.4
45000,4096,85368,11.278,0.8360,0.4540,59.3
45200,4096,59676,11.268,0.8380,0.4440,59.2
45400,4096,78464,11.242,0.8260,0.4180,59.0
45600,4096,60612,11.270,0.8380,0.4280,58.7
45800,4096,51056,11.280,0.8420,0.4340,58.6
46000,4096,51508,11.292,0.8360,0.4600,58.5
46200,1024,20992,11.228,0.8120,0.4380,58.4
46400,2048,27900,11.240,0.8060,0.4540,58.3
46600,4096,69872,11.292,0.8300,0.4820,58.2
46800,2048,45248,11.232,0.8080,0.4560,58.1
47000,2048,35772,11.220,0.8060,0.4400,58.0
47200,4096,76772,11.280,0.8400,0.4640,57.9
47400,2048,41816,11.304,0.8540,0.4680,57.8
47600,4096,53200,11.318,0.8560,0.4820,57.8
47800,1024,16180,11.330,0.8560,0.4920,57.7
48000,2048,37928,11.278,0.8360,0.4720,57.6
48200,2048,27060,11.308,0.8520,0.4680,57.5
48400,2048,34640,11.320,0.8580,0.4780,57.4
48600,4096,80360,11.322,0.8500,0.4820,57.4
48800,4096,58332,11.292,0.8360,0.4660,57.3
49000,2048,34940,11.268,0.8100,0.4600,57.3
49200,4096,92544,11.330,0.8480,0.4900,57.2
49400,2048,45080,11.340,0.8420,0.4980,57.1
49600,4096,79368,11.290,0.8240,0.4840,57.1
49800,4096,80560,11.304,0.8300,0.4880,57.0
50000,2048,39444,11.368,0.8500,0.5140,56.9
50200,4096,81412,11.312,0.8400,0.4900,56.6
50400,4096,83528,11.340,0.8420,0.5160,56.5
50600,2048,37488,11.366,0.8380,0.5400,56.5
50800,4096,77232,11.366,0.8360,0.5440,56.4
51000,2048,41088,11.268,0.8060,0.4940,56.3
51200,2048,47384,11.246,0.7980,0.4900,56.2
51400,2048,36252,11.314,0.8300,0.5040,56.2
51600,2048,36624,11.356,0.8660,0.5040,56.1
51800,4096,52248,11.336,0.8520,0.5000,56.1
52000,4096,58296,11.328,0.8300,0.5120,56.0
52200,2048,37884,11.306,0.8200,0.4980,56.0
52400,2048,32080,11.352,0.8400,0.5100,55.9
52600,2048,44640,11.372,0.8460,0.5180,55.9
52800,2048,36672,11.362,0.8400,0.5080,55.8
53000,4096,64408,11.382,0.8360,0.5420,55.8
53200,4096,90408,11.360,0.8140,0.5420,55.7
53400,2048,36020,11.398,0.8320,0.5540,55.6
53600,4096,73620,11.432,0.8580,0.5560,55.6
53800,2048,43680,11.414,0.8620,0.5400,55.5
54000,1024,19916,11.434,0.8620,0.5560,55.4
54200,2048,37388,11.374,0.8520,0.5120,55.4
54400,4096,56740,11.362,0.8520,0.5160,55.3
54600,4096,73184,11.374,0.8660,0.5160,55.2
54800,2048,36260,11.352,0.8520,0.5100,55.2
55000,4096,61852,11.408,0.8640,0.5440,55.1
55200,1024,21512,11.428,0.8720,0.5480,55.1
55400,4096,63672,11.376,0.8560,0.5300,55.0
55600,8192,122436,11.368,0.8440,0.5340,55.0
55800,2048,37976,11.412,0.8460,0.5560,54.9
56000,4096,71440,11.460,0.8680,0.5720,54.8
56200,4096,68872,11.438,0.8680,0.5560,54.8
56400,2048,34468,11.366,0.8500,0.5180,54.7
56600,2048,22748,11.374,0.8600,0.5320,54.7
56800,4096,71724,11.426,0.8800,0.5660,54.6
57000,1024,16136,11.446,0.8800,0.5780,54.6
57200,4096,59632,11.440,0.8800,0.5540,54.5
57400,1024,21648,11.466,0.8940,0.5560,54.5
57600,4096,78152,11.486,0.8960,0.5720,54.4
57800,4096,51328,11.478,0.8980,0.5600,54.4
58000,2048,30712,11.468,0.8840,0.5800,54.3
58200,2048,37044,11.450,0.8740,0.5800,54.2
58400,2048,32944,11.404,0.8520,0.5600,54.2
58600,4096,70440,11.388,0.8500,0.5460,54.1
58800,4096,47032,11.420,0.8620,0.5700,54.0
59000,2048,29308,11.450,0.8700,0.5880,54.0
59200,4096,57592,11.448,0.8660,0.5860,53.9
59400,1024,20780,11.408,0.8460,0.5740,53.9
59600,4096,91320,11.424,0.8380,0.5740,53.8
59800,4096,60240,11.432,0.8520,0.5600,53.7
60000,1024,11156,11.430,0.8620,0.5540,53.7
60200,512,9636,11.416,0.8660,0.5520,53.6
60400,4096,78816,11.440,0.8760,0.5620,53.5
60600,4096,52636,11.436,0.8560,0.5740,53.5
60800,4096,71296,11.428,0.8540,0.5640,53.5
61000,4096,61340,11.394,0.8520,0.5540,53.4
61200,2048,46416,11.394,0.8600,0.5580,53.4
61400,2048,35464,11.398,0.8540,0.5620,53.3
61600,4096,60976,11.420,0.8620,0.5780,53.3
61800,1024,16704,11.442,0.8700,0.5700,53.2
62000,4096,87836,11.478,0.8680,0.6080,53.2
62200,4096,71092,11.440,0.8600,0.5840,53.1
62400,4096,65332,11.460,0.8620,0.5840,53.0
62600,2048,39972,11.450,0.8560,0.5880,53.0
62800,4096,78420,11.458,0.8500,0.5940,52.9
63000,1024,12808,11.464,0.8660,0.5860,52.9
63200,2048,30796,11.490,0.8840,0.6080,52.8
63400,2048,47452,11.462,0.8700,0.5860,52.8
63600,1024,15632,11.416,0.8400,0.5760,52.7
63800,2048,32796,11.452,0.8560,0.5940,52.7
64000,2048,36676,11.464,0.8460,0.6040,52.6
64200,4096,51072,11.456,0.8500,0.5960,52.6
64400,2048,45224,11.450,0.8560,0.6000,52.5
64600,2048,29836,11.472,0.8740,0.5980,52.5
64800,2048,44156,11.454,0.8580,0.6020,52.4
65000,2048,29464,11.436,0.8480,0.5820,52.4
65200,4096,85656,11.460,0.8640,0.5820,52.3
65400,2048,27292,11.518,0.8760,0.6180,52.3
65600,4096,60112,11.520,0.8940,0.5960,52.2
65800,1024,17056,11.494,0.8880,0.5820,52.2
66000,2048,47912,11.494,0.8800,0.5940,52.1
66200,1024,17980,11.486,0.8740,0.5880,52.1
66400,1024,16820,11.444,0.8820,0.5620,52.0
66600,512,8252,11.454,0.8780,0.5720,52.0
66800,2048,38592,11.464,0.8840,0.5740,51.9
67000,4096,67052,11.478,0.8840,0.5920,51.9
67200,4096,80320,11.492,0.8840,0.6080,51.8
67400,2048,37820,11.498,0.8780,0.6040,51.7
67600,4096,71312,11.512,0.8920,0.6020,51.7
67800,4096,76284,11.478,0.8740,0.5920,51.6
68000,2048,26448,11.450,0.8540,0.5940,51.5
68200,1024,21792,11.526,0.8680,0.6320,51.5
68400,4096,98780,11.548,0.8840,0.6240,51.4
68600,4096,59456,11.500,0.8820,0.6120,51.4
68800,8192,114292,11.480,0.8680,0.6020,51.3
69000,4096,89700,11.524,0.8860,0.6240,51.3
69200,4096,71212,11.518,0.8840,0.6200,51.2
69400,4096,48032,11.476,0.8700,0.6060,51.2
69600,2048,23992,11.450,0.8540,0.5860,51.2
69800,1024,14528,11.434,0.8480,0.5760,51.1
70000,2048,31444,11.462,0.8620,0.5780,51.1
70200,4096,80156,11.444,0.8580,0.5720,51.0
70400,8192,106284,11.482,0.8620,0.6020,51.0
70600,4096,82064,11.480,0.8560,0.6020,51.0
70800,1024,19128,11.552,0.8840,0.6380,50.9
71000,4096,77476,11.568,0.8900,0.6380,50.9
71200,2048,43324,11.574,0.8980,0.6460,50.8
71400,512,9424,11.572,0.9040,0.6380,50.8
71600,8192,142112,11.522,0.8900,0.6100,50.7
71800,2048,44668,11.496,0.8700,0.5940,50.7
72000,4096,72832,11.546,0.8720,0.6340,50.6
72200,4096,60388,11.550,0.8740,0.6320,50.6
72400,4096,83664,11.556,0.8680,0.6380,50.5
72600,4096,79664,11.572,0.8800,0.6600,50.5
72800,4096,74244,11.550,0.8740,0.6500,50.4
73000,4096,67916,11.516,0.8720,0.6300,50.4
73200,1024,20804,11.500,0.8760,0.6080,50.3
73400,1024,21508,11.498,0.8720,0.6040,50.2
73600,8192,132832,11.542,0.8800,0.6220,50.2
73800,1024,20800,11.534,0.8720,0.6280,50.1
74000,4096,71336,11.544,0.8820,0.6260,50.0
74200,2048,33364,11.516,0.8880,0.6040,50.0
74400,1024,21468,11.500,0.8860,0.5960,50.0
74600,2048,46548,11.570,0.8920,0.6300,49.9
74800,4096,54628,11.566,0.8880,0.6240,49.8
75000,4096,80764,11.550,0.8760,0.6240,49.8
75200,4096,66232,11.538,0.8720,0.6300,49.8
75400,2048,44952,11.558,0.8820,0.6440,49.7
75600,4096,58664,11.540,0.8820,0.6260,49.7
75800,2048,36136,11.512,0.8800,0.6120,49.7
76000,4096,60656,11.530,0.8760,0.6160,49.6
76200,4096,82168,11.512,0.8740,0.6100,49.6
76400,2048,34452,11.514,0.8840,0.6160,49.5
76600,1024,16136,11.478,0.8660,0.5940,49.5
76800,4096,102248,11.546,0.8740,0.6380,49.5
77000,4096,55832,11.564,0.8660,0.6640,49.4
77200,4096,73004,11.572,0.8800,0.6680,49.4
77400,1024,13960,11.608,0.9020,0.6720,49.4
77600,4096,87344,11.620,0.9140,0.6720,49.3
77800,4096,71576,11.576,0.8980,0.6600,49.3
78000,4096,73928,11.584,0.9020,0.6560,49.2
78200,1024,20476,11.574,0.8980,0.6440,49.2
78400,4096,81624,11.586,0.9000,0.6360,49.1
78600,2048,37216,11.638,0.9060,0.6660,49.1
78800,4096,72116,11.674,0.9220,0.6800,49.0
79000,4096,70584,11.622,0.9100,0.6580,49.0
79200,4096,90580,11.592,0.8980,0.6460,49.0
79400,4096,61820,11.566,0.8800,0.6480,48.9
79600,4096,65700,11.556,0.8800,0.6300,48.9
79800,4096,61180,11.604,0.8920,0.6540,48.8
80000,4096,57044,11.598,0.8960,0.6580,48.8
80200,2048,31524,11.590,0.8820,0.6600,48.7
80400,4096,76664,11.650,0.8920,0.7000,48.7
80600,2048,34664,11.648,0.9040,0.6940,48.6
80800,2048,26716,11.656,0.9040,0.7060,48.6
81000,8192,127936,11.640,0.9060,0.6820,48.6
81200,2048,32852,11.588,0.9040,0.6480,48.5
81400,4096,84500,11.602,0.9160,0.6420,48.5
81600,4096,67032,11.592,0.9000,0.6420,48.5
81800,8192,111168,11.584,0.8860,0.6360,48.4
82000,2048,36476,11.602,0.8900,0.6600,48.4
82200,4096,72268,11.646,0.9020,0.6880,48.3
82400,1024,16528,11.610,0.8800,0.6860,48.3
82600,4096,87172,11.606,0.8680,0.6740,48.3
82800,1024,16756,11.648,0.8840,0.6940,48.2
83000,2048,36772,11.602,0.8840,0.6760,48.2
83200,2048,38388,11.584,0.8840,0.6720,48.2
83400,4096,96624,11.620,0.8940,0.6780,48.1
83600,4096,69724,11.664,0.9080,0.6840,48.1
83800,4096,72568,11.660,0.9060,0.6800,48.0
84000,4096,81956,11.676,0.8900,0.7080,48.0
84200,1024,14580,11.626,0.8820,0.6840,48.0
84400,4096,55668,11.598,0.8820,0.6700,47.9
84600,2048,45156,11.556,0.8760,0.6380,47.9
84800,4096,59292,11.602,0.8980,0.6480,47.9
85000,1024,13480,11.656,0.9000,0.6780,47.8
85200,2048,39440,11.640,0.8920,0.6760,47.8
85400,2048,38716,11.620,0.8880,0.6720,47.7
85600,8192,113300,11.592,0.8900,0.6500,47.7
85800,4096,75560,11.614,0.8840,0.6700,47.7
86000,4096,60276,11.650,0.8980,0.6760,47.7
86200,4096,50404,11.672,0.8980,0.7000,47.6
86400,4096,82136,11.644,0.8900,0.6960,47.6
86600,2048,55788,11.598,0.8840,0.6500,47.6
86800,2048,36496,11.630,0.9000,0.6640,47.5
87000,2048,26168,11.666,0.9100,0.6820,47.5
87200,2048,46780,11.684,0.9120,0.6980,47.5
87400,4096,64300,11.696,0.9060,0.6920,47.4
87600,4096,65296,11.664,0.8920,0.6880,47.4
87800,2048,36036,11.654,0.8920,0.6800,47.3
88000,1024,14608,11.622,0.8880,0.6720,47.3
88200,4096,81244,11.596,0.8900,0.6540,47.3
88400,4096,60052,11.628,0.8900,0.6640,47.2
88600,2048,34012,11.636,0.8960,0.6820,47.2
88800,1024,16264,11.652,0.9020,0.7040,47.2
89000,4096,80508,11.654,0.8860,0.7040,47.1
89200,2048,31800,11.668,0.8860,0.7020,47.1
89400,4096,80532,11.692,0.9040,0.6920,47.1
89600,4096,80624,11.700,0.9160,0.6940,47.0
89800,8192,130940,11.654,0.9020,0.6900,47.0
90000,4096,118460,11.584,0.8820,0.6720,47.0
90200,2048,36104,11.596,0.8820,0.6700,47.0
90400,1024,16768,11.602,0.8780,0.6760,46.9
90600,1024,21752,11.632,0.8940,0.6760,46.9
90800,4096,85344,11.664,0.9100,0.6880,46.9
91000,1024,16400,11.648,0.8820,0.6820,46.9
91200,4096,69836,11.666,0.8920,0.6760,46.9
91400,4096,62288,11.694,0.9040,0.6940,46.8
91600,4096,67948,11.708,0.9080,0.7100,46.8
91800,4096,61608,11.724,0.9080,0.7180,46.8
92000,2048,35484,11.664,0.9020,0.6760,46.8
92200,2048,47480,11.614,0.8800,0.6520,46.8
92400,2048,48232,11.614,0.8840,0.6460,46.7
92600,1024,25740,11.616,0.8880,0.6580,46.7
92800,4096,77136,11.658,0.9060,0.6720,46.7
93000,8192,153140,11.702,0.9040,0.7000,46.7
93200,1024,20028,11.684,0.8840,0.7060,46.7
93400,4096,76924,11.694,0.8900,0.7220,46.6
93600,8192,103884,11.680,0.8900,0.7000,46.6
93800,4096,97576,11.678,0.9080,0.6800,46.6
94000,4096,81972,11.700,0.9200,0.6860,46.6
94200,4096,70048,11.690,0.9080,0.6980,46.6
94400,4096,68644,11.698,0.9000,0.6980,46.5
94600,4096,80244,11.668,0.8860,0.6960,46.5
94800,4096,55648,11.664,0.8880,0.6780,46.5
95000,4096,81136,11.632,0.8680,0.6760,46.5
95200,4096,60256,11.626,0.8720,0.6740,46.5
95400,4096,72496,11.654,0.8960,0.6760,46.4
95600,4096,97712,11.678,0.9060,0.6880,46.4
95800,4096,50924,11.702,0.9080,0.7020,46.4
96000,4096,84828,11.688,0.9000,0.7060,46.4
96200,8192,123536,11.708,0.9040,0.7240,46.4
96400,4096,54996,11.720,0.9160,0.7200,46.3
96600,1024,21720,11.782,0.9340,0.7320,46.3
96800,4096,76880,11.770,0.9180,0.7200,46.3
97000,8192,136224,11.774,0.9140,0.7300,46.3
97200,4096,71272,11.734,0.9160,0.7200,46.2
97400,2048,40036,11.704,0.9160,0.7060,46.2
97600,4096,76524,11.710,0.9000,0.7080,46.2
97800,1024,20888,11.716,0.9020,0.7060,46.2
98000,4096,79504,11.700,0.8900,0.7000,46.2
98200,2048,36112,11.690,0.8920,0.6840,46.1
98400,8192,103888,11.658,0.8860,0.6800,46.1
98600,4096,88548,11.644,0.8760,0.6760,46.0
98800,8192,134656,11.714,0.8940,0.6820,46.0
99000,1024,20224,11.682,0.8860,0.6880,46.0
99200,4096,79804,11.680,0.9000,0.6820,46.0
99400,2048,35144,11.640,0.8960,0.6600,45.9
99600,8192,133036,11.768,0.9300,0.7020,45.9
99800,8192,133388,11.792,0.9160,0.7280,45.9
100000,8192,105144,11.770,0.9160,0.7140,45.8
100200,2048,44200,11.730,0.9040,0.6940,45.7
100400,4096,65536,11.798,0.9200,0.7440,45.7
100600,4096,79340,11.820,0.9080,0.7620,45.6
100800,8192,115212,11.792,0.8980,0.7560,45.6
101000,1024,22076,11.740,0.8820,0.7240,45.5
101200,4096,51928,11.726,0.8880,0.7000,45.5
101400,4096,73340,11.650,0.8800,0.6640,45.5
101600,2048,37884,11.734,0.9140,0.7040,45.4
101800,4096,66272,11.682,0.8960,0.6860,45.4
102000,4096,77932,11.704,0.8920,0.7000,45.4
102200,4096,53472,11.716,0.9020,0.6920,45.4
102400,2048,36860,11.752,0.9160,0.7000,45.3
102600,4096,52544,11.796,0.9220,0.7240,45.3
102800,512,9324,11.772,0.9140,0.7280,45.3
103000,2048,43296,11.738,0.9080,0.7080,45.2
103200,4096,51228,11.744,0.9140,0.7060,45.2
103400,4096,77796,11.726,0.9200,0.7040,45.2
103600,8192,127496,11.724,0.9060,0.7160,45.2
103800,4096,92220,11.728,0.8920,0.7160,45.1
104000,2048,32412,11.738,0.8900,0.7140,45.1
104200,2048,35960,11.696,0.8840,0.7060,45.1
104400,4096,96132,11.708,0.8760,0.7080,45.0
104600,4096,95572,11.754,0.8920,0.7300,44.9
104800,2048,46460,11.756,0.8980,0.7180,44.9
105000,2048,41612,11.730,0.9140,0.7000,44.9
105200,512,8128,11.716,0.9160,0.6840,44.9
105400,4096,82500,11.674,0.8960,0.6740,44.8
105600,8192,122480,11.690,0.8900,0.6860,44.8
105800,4096,60848,11.826,0.9240,0.7440,44.8
106000,1024,15968,11.864,0.9300,0.7680,44.8
106200,4096,79248,11.800,0.9160,0.7420,44.7
106400,4096,70812,11.750,0.9080,0.7260,44.7
106600,4096,60452,11.760,0.9160,0.7160,44.7
106800,4096,61332,11.778,0.9180,0.7160,44.7
107000,4096,91688,11.798,0.9240,0.7360,44.7
107200,1024,17892,11.778,0.9080,0.7320,44.6
107400,2048,30140,11.798,0.9060,0.7320,44.6
107600,4096,98568,11.768,0.8860,0.7340,44.6
107800,8192,100892,11.804,0.9160,0.7500,44.5
108000,8192,108500,11.878,0.9300,0.7660,44.5
108200,2048,35496,11.824,0.9120,0.7360,44.5
108400,4096,70624,11.792,0.9020,0.7380,44.5
108600,8192,127636,11.770,0.8940,0.7120,44.4
108800,4096,51636,11.798,0.9080,0.7180,44.4
109000,4096,53504,11.844,0.9260,0.7380,44.4
109200,8192,127840,11.854,0.9340,0.7500,44.3
109400,4096,68408,11.886,0.9520,0.7740,44.3
109600,4096,70060,11.846,0.9360,0.7480,44.3
109800,4096,78168,11.862,0.9320,0.7480,44.2
110000,512,7992,11.850,0.9200,0.7360,44.2
110200,4096,69808,11.836,0.9120,0.7340,44.2
110400,2048,26508,11.800,0.9120,0.7320,44.2
110600,4096,80848,11.828,0.9280,0.7620,44.1
110800,8192,141320,11.810,0.9200,0.7460,44.1
111000,2048,36892,11.790,0.9160,0.7320,44.1
111200,4096,71892,11.764,0.9040,0.7040,44.0
111400,1024,16036,11.770,0.9000,0.6900,44.0
111600,4096,89620,11.778,0.8940,0.7040,44.0
111800,8192,185752,11.840,0.9120,0.7300,44.0
112000,8192,163920,11.820,0.9000,0.7280,43.9
112200,4096,80192,11.812,0.9060,0.7220,43.9
112400,8192,106372,11.760,0.8960,0.7020,43.9
112600,4096,86344,11.816,0.9040,0.7360,43.9
112800,8192,132436,11.804,0.8960,0.7300,43.8
113000,4096,53532,11.824,0.9080,0.7320,43.8
113200,4096,70420,11.818,0.9120,0.7420,43.8
113400,4096,57436,11.812,0.9160,0.7460,43.7
113600,4096,68804,11.840,0.9240,0.7580,43.7
113800,4096,91988,11.856,0.9300,0.7560,43.7
114000,2048,37532,11.846,0.9280,0.7520,43.6
114200,4096,48468,11.828,0.9060,0.7460,43.6
114400,2048,34392,11.828,0.9080,0.7380,43.6
114600,4096,73196,11.814,0.9060,0.7280,43.6
114800,8192,114436,11.816,0.9060,0.7320,43.5
115000,4096,72432,11.868,0.9180,0.7480,43.5
115200,2048,46708,11.814,0.9100,0.7220,43.5
115400,4096,62700,11.844,0.9180,0.7500,43.5
115600,8192,127676,11.844,0.9140,0.7480,43.4
115800,2048,36980,11.816,0.9040,0.7300,43.4
116000,2048,36044,11.818,0.9100,0.7320,43.4
116200,2048,38996,11.818,0.9040,0.7420,43.4
116400,2048,28068,11.842,0.9060,0.7360,43.3
116600,2048,37148,11.818,0.9080,0.7120,43.3
116800,1024,18512,11.830,0.9140,0.7440,43.3
117000,4096,80244,11.766,0.9000,0.7360,43.3
117200,2048,37808,11.804,0.8860,0.7460,43.2
117400,8192,132736,11.914,0.9140,0.7700,43.2
117600,1024,16452,11.932,0.9360,0.7760,43.2
117800,4096,77824,11.818,0.9140,0.7180,43.2
118000,8192,126668,11.836,0.9140,0.7260,43.1
118200,8192,147964,11.870,0.9200,0.7500,43.1
118400,8192,122308,11.862,0.9240,0.7420,43.1
118600,4096,98996,11.884,0.9280,0.7480,43.1
118800,4096,49136,11.904,0.9260,0.7600,43.0
119000,4096,58772,11.918,0.9220,0.7620,43.0
119200,4096,82008,11.928,0.9260,0.7620,43.0
119400,4096,78852,11.928,0.9260,0.7720,42.9
119600,8192,153032,11.936,0.9400,0.7740,42.9
119800,4096,76444,11.904,0.9340,0.7620,42.9
120000,2048,50816,11.882,0.9320,0.7380,42.9
120200,4096,58812,11.912,0.9300,0.7720,42.8
120400,4096,65600,11.942,0.9400,0.7780,42.8
120600,4096,61424,11.886,0.9280,0.7580,42.8
120800,4096,81244,11.862,0.9200,0.7380,42.7
121000,1024,20436,11.882,0.9160,0.7540,42.7
121200,8192,111032,11.872,0.9140,0.7400,42.7
121400,4096,81000,11.852,0.9180,0.7380,42.7
121600,1024,21736,11.924,0.9280,0.7580,42.6
121800,4096,64764,11.940,0.9280,0.7700,42.6
122000,1024,17868,11.920,0.9080,0.7680,42.6
122200,8192,139900,11.880,0.9100,0.7600,42.5
122400,1024,22396,11.872,0.9200,0.7520,42.5
122600,4096,71588,11.940,0.9400,0.7660,42.5
122800,4096,75764,11.930,0.9200,0.7740,42.5
123000,4096,79808,11.862,0.9120,0.7460,42.4
123200,4096,70392,11.796,0.8940,0.7300,42.4
123400,4096,80880,11.786,0.9000,0.7300,42.4
123600,4096,86668,11.848,0.9140,0.7440,42.4
123800,4096,80404,11.862,0.9120,0.7260,42.3
124000,4096,81348,11.870,0.9020,0.7300,42.3
124200,4096,98244,11.890,0.9100,0.7480,42.3
124400,4096,61036,11.848,0.9000,0.7500,42.3
124600,1024,16660,11.862,0.9020,0.7400,42.2
124800,4096,90684,11.864,0.9100,0.7320,42.2
125000,4096,78500,11.876,0.9240,0.7360,42.2
125200,4096,49868,11.888,0.9220,0.7580,42.2
125400,8192,123400,11.924,0.9220,0.7640,42.1
125600,8192,128924,11.980,0.9340,0.7900,42.1
125800,4096,78284,11.976,0.9420,0.7880,42.1
126000,8192,156848,11.930,0.9400,0.7720,42.1
126200,4096,76868,11.858,0.9340,0.7400,42.1
126400,8192,132712,11.838,0.9100,0.7420,42.0
126600,8192,143708,11.868,0.9040,0.7500,42.0
126800,1024,19392,11.926,0.9180,0.7740,42.0
127000,4096,71620,11.924,0.9200,0.7640,42.0
127200,4096,71536,11.856,0.9020,0.7260,41.9
127400,4096,79428,11.898,0.9000,0.7500,41.9
127600,4096,74692,11.934,0.9240,0.7560,41.9
127800,4096,56404,11.980,0.9360,0.7920,41.9
128000,1024,13724,11.970,0.9240,0.7820,41.8
128200,1024,19732,11.978,0.9320,0.7940,41.8
128400,8192,107124,11.958,0.9300,0.7860,41.8
128600,4096,62252,11.934,0.9220,0.7740,41.8
128800,8192,133472,11.960,0.9120,0.7880,41.7
129000,4096,79392,11.944,0.9120,0.7820,41.7
129200,8192,149028,11.910,0.9140,0.7540,41.6
129400,4096,80548,11.910,0.9100,0.7700,41.6
129600,4096,81132,11.910,0.9060,0.7740,41.6
129800,4096,73052,11.960,0.9140,0.7860,41.6
130000,8192,153036,11.972,0.9300,0.7720,41.6
130200,8192,123272,12.006,0.9420,0.7840,41.5
130400,4096,87180,11.972,0.9320,0.7660,41.5
130600,4096,84864,11.958,0.9160,0.7780,41.5
130800,4096,92296,11.966,0.9160,0.7860,41.5
131000,2048,45140,11.944,0.9260,0.7660,41.4
131200,2048,27876,11.932,0.9260,0.7540,41.4
131400,4096,80136,11.956,0.9280,0.7540,41.4
131600,4096,81996,11.974,0.9260,0.7520,41.4
131800,2048,37828,11.952,0.9180,0.7620,41.3
132000,8192,166076,11.932,0.9240,0.7600,41.3
132200,4096,80328,11.978,0.9300,0.7800,41.2
132400,8192,133616,11.992,0.9300,0.7880,41.2
132600,4096,60072,11.966,0.9280,0.7740,41.1
132800,4096,47848,11.962,0.9240,0.7740,41.1
133000,8192,122968,11.958,0.9240,0.7780,41.0
133200,8192,176208,11.980,0.9260,0.7740,41.0
133400,8192,132988,11.976,0.9260,0.7680,41.0
133600,8192,119604,11.984,0.9240,0.7800,40.9
133800,512,7112,11.978,0.9240,0.7940,40.9
134000,4096,69196,12.004,0.9260,0.7940,40.8
134200,8192,133072,12.006,0.9140,0.7920,40.8
134400,4096,51476,12.018,0.9200,0.7960,40.7
134600,2048,34348,12.006,0.9320,0.7960,40.7
134800,4096,89116,11.990,0.9260,0.7900,40.7
135000,4096,73516,11.974,0.9380,0.7940,40.6
135200,8192,110972,12.006,0.9420,0.7840,40.6
135400,2048,37852,12.016,0.9340,0.7720,40.5
135600,2048,47068,11.986,0.9320,0.7560,40.5
135800,8192,112740,11.992,0.9440,0.7740,40.5
136000,8192,133364,11.976,0.9320,0.7760,40.4
136200,2048,37928,12.012,0.9380,0.7920,40.4
136400,2048,27940,12.012,0.9260,0.7820,40.4
136600,512,9552,11.960,0.9200,0.7660,40.3
136800,8192,121052,11.974,0.9220,0.7760,40.3
137000,4096,82140,12.044,0.9260,0.8060,40.2
137200,8192,110328,12.032,0.9340,0.8020,40.2
137400,4096,69584,12.028,0.9360,0.8100,40.1
137600,2048,25540,11.924,0.9100,0.7680,40.1
137800,2048,38280,11.902,0.9100,0.7520,40.1
138000,4096,76576,11.924,0.9180,0.7460,40.0
138200,8192,177024,11.964,0.9140,0.7640,40.0
138400,8192,164228,11.990,0.9180,0.7660,39.9
138600,2048,45180,12.008,0.9140,0.7780,39.9
138800,4096,80208,12.012,0.9220,0.7820,39.9
139000,8192,109364,12.016,0.9300,0.7780,39.8
139200,4096,78432,12.026,0.9240,0.7940,39.8
139400,8192,103292,12.028,0.9160,0.7960,39.8
139600,2048,43996,11.996,0.9200,0.8000,39.8
139800,4096,76344,11.958,0.9160,0.7880,39.8
140000,512,7780,11.942,0.9160,0.7700,39.7
140200,4096,56884,12.004,0.9360,0.7840,39.7
140400,8192,137920,12.070,0.9440,0.7880,39.7
140600,4096,91676,12.014,0.9440,0.7860,39.7
140800,2048,37772,11.988,0.9280,0.7660,39.6
141000,8192,119848,11.968,0.9220,0.7680,39.6
141200,4096,74036,11.964,0.9180,0.7720,39.6
141400,8192,114368,11.962,0.9180,0.7780,39.5
141600,4096,64352,11.994,0.9200,0.7920,39.5
141800,1024,19832,11.996,0.9240,0.7820,39.5
142000,8192,126140,11.988,0.9260,0.7720,39.5
142200,4096,67708,12.020,0.9200,0.7860,39.4
142400,4096,65532,12.082,0.9180,0.8280,39.4
142600,4096,78204,12.116,0.9320,0.8340,39.4
142800,8192,124000,12.084,0.9440,0.8220,39.3
143000,1024,18564,12.062,0.9360,0.8020,39.3
143200,4096,58720,12.030,0.9280,0.7800,39.3
143400,4096,54720,12.048,0.9220,0.7920,39.3
143600,4096,73324,12.022,0.9060,0.7980,39.2
143800,8192,144240,12.070,0.9160,0.8080,39.2
144000,4096,80312,12.040,0.9300,0.8020,39.2
144200,4096,71992,11.994,0.9320,0.8040,39.2
144400,1024,19300,12.000,0.9340,0.8040,39.2
144600,8192,149880,12.060,0.9400,0.8140,39.1
144800,2048,36920,12.044,0.9400,0.8000,39.1
145000,2048,30800,12.042,0.9320,0.7980,39.1
145200,4096,76092,12.084,0.9400,0.8100,39.1
145400,4096,87544,12.078,0.9420,0.8020,39.1
145600,8192,144560,12.090,0.9340,0.8120,39.0
145800,4096,81372,12.070,0.9280,0.7980,39.0
146000,8192,112248,12.038,0.9220,0.7860,39.0
146200,4096,70404,12.038,0.9300,0.7940,39.0
146400,8192,149780,12.018,0.9280,0.7840,39.0
146600,4096,76512,12.042,0.9340,0.7820,38.9
146800,8192,157180,12.086,0.9420,0.8060,38.9
147000,4096,81836,12.114,0.9440,0.8160,38.9
147200,8192,177256,12.064,0.9460,0.7900,38.9
147400,4096,80260,12.090,0.9380,0.7980,38.8
147600,1024,16936,12.088,0.9440,0.8080,38.8
147800,8192,129776,12.042,0.9280,0.8020,38.8
148000,4096,71144,12.022,0.9340,0.7940,38.8
148200,8192,140000,12.016,0.9360,0.7840,38.8
148400,4096,70732,12.006,0.9300,0.7880,38.8
148600,8192,160864,12.064,0.9380,0.8040,38.7
148800,4096,70976,12.124,0.9440,0.8220,38.7
149000,4096,80412,12.094,0.9320,0.7960,38.7
149200,8192,193128,12.066,0.9360,0.8000,38.7
149400,8192,134428,12.076,0.9460,0.8060,38.7
149600,8192,132936,12.124,0.9420,0.8320,38.6
149800,2048,32940,12.072,0.9160,0.7940,38.6
150000,1024,21832,12.080,0.9260,0.7880,38.6
150200,8192,130724,12.082,0.9320,0.7960,38.5
150400,2048,33064,12.116,0.9400,0.8260,38.4
150600,4096,62196,12.096,0.9420,0.8180,38.4
150800,8192,119992,12.032,0.9300,0.8020,38.4
151000,1024,17136,12.082,0.9400,0.8100,38.4
151200,1024,17108,12.062,0.9380,0.7840,38.3
151400,4096,80228,12.090,0.9400,0.7960,38.3
151600,4096,47704,12.040,0.9260,0.8100,38.3
151800,4096,59572,12.080,0.9360,0.8080,38.3
152000,8192,149828,12.056,0.9360,0.7920,38.3
152200,4096,81268,12.034,0.9340,0.7840,38.2
152400,512,9168,12.056,0.9200,0.7960,38.2
152600,8192,154260,12.076,0.9240,0.7980,38.2
152800,4096,69344,12.100,0.9280,0.8000,38.2
153000,4096,71636,12.114,0.9380,0.8060,38.2
153200,1024,12848,12.130,0.9560,0.8080,38.1
153400,8192,126496,12.128,0.9440,0.8000,38.1
153600,8192,162552,12.092,0.9300,0.7900,38.1
153800,4096,78748,12.082,0.9200,0.8120,38.1
154000,4096,49904,12.030,0.9080,0.7820,38.0
154200,4096,100560,12.044,0.9220,0.7960,38.0
154400,4096,77408,12.072,0.9280,0.7980,38.0
154600,2048,36044,12.072,0.9340,0.7860,38.0
154800,4096,57224,12.112,0.9420,0.8140,38.0
155000,4096,57552,12.074,0.9360,0.8020,38.0
155200,8192,167816,12.094,0.9300,0.8160,37.9
155400,4096,66352,12.062,0.9360,0.7820,37.9
155600,8192,149168,12.020,0.9280,0.7720,37.9
155800,2048,35188,12.012,0.9280,0.7780,37.9
156000,4096,72220,12.062,0.9280,0.8020,37.8
156200,8192,164688,12.098,0.9340,0.8080,37.8
156400,4096,76768,12.064,0.9280,0.8020,37.8
156600,8192,143164,12.052,0.9340,0.7920,37.8
156800,2048,24580,12.088,0.9380,0.7960,37.8
157000,8192,128668,12.102,0.9400,0.7960,37.8
157200,4096,71740,12.132,0.9460,0.8140,37.7
157400,2048,47988,12.136,0.9440,0.8280,37.7
157600,4096,77416,12.068,0.9260,0.7980,37.7
157800,2048,44224,12.066,0.9260,0.7860,37.7
158000,4096,93432,12.080,0.9220,0.7840,37.7
158200,1024,14900,12.034,0.9140,0.7640,37.6
158400,4096,61312,12.022,0.9120,0.7760,37.6
158600,8192,124296,12.032,0.9080,0.7980,37.6
158800,8192,114796,12.074,0.9280,0.7980,37.6
159000,4096,71064,12.124,0.9440,0.7940,37.6
159200,8192,145092,12.128,0.9380,0.7920,37.5
159400,8192,99524,12.126,0.9340,0.7980,37.5
159600,8192,133600,12.108,0.9360,0.8060,37.5
159800,8192,172696,12.136,0.9420,0.8340,37.5
160000,4096,80416,12.136,0.9420,0.8260,37.5
160200,2048,39212,12.156,0.9360,0.8300,37.4
160400,8192,128392,12.116,0.9280,0.8100,37.4
160600,4096,75224,12.138,0.9440,0.8180,37.4
160800,4096,63740,12.044,0.9260,0.7840,37.4
161000,8192,146332,12.076,0.9300,0.7980,37.4
161200,4096,83864,12.106,0.9200,0.8220,37.4
161400,8192,134264,12.160,0.9320,0.8260,37.3
161600,4096,69680,12.156,0.9320,0.8200,37.3
161800,8192,175524,12.122,0.9360,0.8000,37.3
162000,4096,56444,12.098,0.9300,0.7960,37.3
162200,4096,91700,12.158,0.9440,0.8180,37.3
162400,2048,27544,12.176,0.9420,0.8140,37.2
162600,8192,109712,12.110,0.9320,0.8020,37.2
162800,1024,20312,12.106,0.9220,0.8140,37.2
163000,8192,125248,12.048,0.9140,0.7760,37.2
163200,8192,123024,12.022,0.9080,0.7740,37.2
163400,8192,119676,12.028,0.9140,0.7960,37.2
163600,4096,80516,12.090,0.9320,0.8180,37.1
163800,512,7312,12.150,0.9440,0.8320,37.1
164000,1024,15748,12.146,0.9380,0.8140,37.1
164200,8192,132840,12.140,0.9400,0.8060,37.1
164400,8192,154112,12.104,0.9280,0.8060,37.1
164600,4096,61544,12.088,0.9300,0.8060,37.1
164800,8192,128812,12.070,0.9320,0.8020,37.0
165000,8192,172912,12.066,0.9340,0.7880,37.0
165200,2048,56180,12.022,0.9220,0.7660,37.0
165400,1024,18300,12.030,0.9060,0.7700,37.0
165600,4096,53952,12.088,0.9260,0.7880,37.0
165800,8192,123252,12.182,0.9420,0.8340,36.9
166000,2048,65356,12.146,0.9380,0.8260,36.9
166200,4096,80384,12.148,0.9420,0.8260,36.9
166400,8192,143688,12.096,0.9340,0.8080,36.9
166600,4096,80624,12.098,0.9260,0.8080,36.9
166800,2048,36256,12.118,0.9340,0.8200,36.9
167000,4096,81196,12.114,0.9320,0.8240,36.9
167200,2048,36560,12.112,0.9400,0.8220,36.8
167400,64,500,12.100,0.9360,0.8040,36.8
167600,4096,62300,12.088,0.9300,0.8020,36.8
167800,8192,123304,12.106,0.9280,0.8200,36.8
168000,2048,28132,12.126,0.9380,0.8100,36.8
168200,2048,37652,12.110,0.9420,0.7880,36.8
168400,4096,80032,12.142,0.9400,0.8080,36.7
168600,2048,23168,12.144,0.9420,0.8300,36.7
168800,8192,129564,12.144,0.9400,0.8320,36.7
169000,8192,174908,12.110,0.9360,0.8200,36.7
169200,4096,55908,12.130,0.9500,0.8220,36.7
169400,4096,91476,12.128,0.9460,0.8060,36.7
169600,8192,148364,12.170,0.9480,0.8260,36.6
169800,4096,71552,12.126,0.9360,0.8240,36.6
170000,2048,40128,12.124,0.9400,0.8140,36.6
170200,8192,112964,12.156,0.9480,0.8120,36.6
170400,4096,70016,12.160,0.9460,0.8240,36.6
170600,1024,14740,12.122,0.9360,0.8080,36.6
170800,8192,125204,12.194,0.9480,0.8480,36.5
171000,8192,133500,12.194,0.9480,0.8380,36.5
171200,4096,76592,12.164,0.9440,0.8300,36.5
171400,4096,60140,12.190,0.9440,0.8340,36.5
171600,4096,65996,12.168,0.9340,0.8440,36.5
171800,8192,154796,12.154,0.9320,0.8320,36.5
172000,8192,167660,12.178,0.9420,0.8520,36.4
172200,2048,30968,12.186,0.9520,0.8460,36.4
172400,4096,70292,12.116,0.9300,0.8260,36.4
172600,4096,78796,12.050,0.9140,0.7820,36.4
172800,8192,126964,12.064,0.9120,0.7800,36.4
173000,4096,80376,12.088,0.9200,0.7820,36.4
173200,8192,120180,12.100,0.9280,0.7920,36.4
173400,2048,56180,12.082,0.9260,0.7760,36.4
173600,8192,153204,12.174,0.9320,0.8080,36.3
173800,2048,44700,12.208,0.9360,0.8300,36.3
174000,2048,27600,12.104,0.9240,0.7880,36.3
174200,2048,37736,12.124,0.9280,0.7940,36.3
174400,8192,174704,12.098,0.9180,0.7940,36.3
174600,2048,32936,12.136,0.9340,0.8020,36.3
174800,8192,148284,12.120,0.9260,0.8060,36.2
175000,2048,36568,12.140,0.9200,0.8160,36.2
175200,8192,131436,12.178,0.9320,0.8460,36.2
175400,4096,79892,12.190,0.9400,0.8500,36.2
175600,4096,81880,12.158,0.9480,0.8260,36.2
175800,8192,132984,12.118,0.9360,0.8120,36.2
176000,4096,63884,12.118,0.9280,0.8220,36.1
176200,4096,100104,12.102,0.9260,0.8100,36.1
176400,4096,100464,12.130,0.9260,0.8140,36.1
176600,8192,123496,12.170,0.9320,0.8400,36.1
176800,2048,39912,12.162,0.9300,0.8320,36.1
177000,4096,59484,12.154,0.9400,0.8100,36.1
177200,2048,36088,12.130,0.9280,0.7940,36.1
177400,8192,171504,12.108,0.9220,0.8020,36.0
177600,8192,148460,12.138,0.9280,0.8160,36.0
177800,4096,98260,12.150,0.9320,0.8100,36.0
178000,2048,45400,12.134,0.9340,0.8100,36.0
178200,4096,72328,12.138,0.9320,0.8120,36.0
178400,4096,81948,12.122,0.9260,0.8000,36.0
178600,8192,143104,12.144,0.9360,0.8060,35.9
178800,2048,26720,12.136,0.9380,0.7940,35.9
179000,4096,80132,12.166,0.9400,0.8060,35.9
179200,4096,79912,12.202,0.9400,0.8240,35.9
179400,8192,174068,12.164,0.9420,0.8300,35.9
179600,8192,168304,12.164,0.9460,0.8240,35.9
179800,512,6116,12.162,0.9480,0.8300,35.8
180000,4096,58976,12.160,0.9400,0.8360,35.8
180200,4096,71896,12.062,0.9180,0.7880,35.8
180400,1024,20080,12.124,0.9320,0.8040,35.8
180600,8192,172988,12.156,0.9400,0.8220,35.8
180800,4096,57396,12.210,0.9440,0.8480,35.8
181000,8192,155444,12.210,0.9460,0.8500,35.7
181200,8192,130840,12.196,0.9500,0.8420,35.7
181400,4096,89280,12.184,0.9480,0.8340,35.7
181600,2048,35792,12.156,0.9360,0.8160,35.7
181800,4096,76948,12.134,0.9140,0.8160,35.6
182000,1024,19100,12.156,0.9140,0.8120,35.6
182200,8192,132832,12.150,0.9280,0.8180,35.6
182400,512,9508,12.188,0.9420,0.8360,35.6
182600,4096,66392,12.140,0.9400,0.8220,35.6
182800,2048,39524,12.174,0.9420,0.8220,35.5
183000,2048,37980,12.186,0.9380,0.8300,35.5
183200,8192,135184,12.220,0.9340,0.8440,35.5
183400,1024,20076,12.206,0.9320,0.8420,35.5
183600,4096,60336,12.224,0.9480,0.8460,35.5
183800,2048,35528,12.172,0.9480,0.8240,35.4
184000,4096,78704,12.168,0.9480,0.8260,35.4
184200,1024,20572,12.176,0.9480,0.8320,35.4
184400,8192,171632,12.224,0.9460,0.8420,35.4
184600,4096,80348,12.204,0.9480,0.8420,35.4
184800,8192,157800,12.256,0.9640,0.8520,35.3
185000,4096,60676,12.194,0.9520,0.8340,35.3
185200,4096,69476,12.212,0.9560,0.8460,35.3
185400,4096,80700,12.212,0.9520,0.8300,35.3
185600,4096,68136,12.180,0.9460,0.8240,35.3
185800,8192,141236,12.156,0.9400,0.8140,35.3
186000,4096,80304,12.198,0.9480,0.8300,35.2
186200,8192,146024,12.192,0.9460,0.8280,35.2
186400,2048,38796,12.206,0.9520,0.8320,35.2
186600,8192,150636,12.168,0.9440,0.8100,35.2
186800,512,11248,12.178,0.9420,0.8180,35.2
187000,8192,101416,12.196,0.9400,0.8380,35.2
187200,512,8000,12.218,0.9460,0.8500,35.1
187400,4096,57228,12.188,0.9400,0.8340,35.1
187600,8192,171816,12.210,0.9380,0.8380,35.1
187800,4096,68076,12.206,0.9380,0.8420,35.1
188000,4096,72260,12.208,0.9440,0.8480,35.1
188200,8192,136016,12.216,0.9480,0.8520,35.1
188400,8192,132892,12.236,0.9480,0.8500,35.0
188600,4096,78712,12.222,0.9540,0.8420,35.0
188800,8192,174300,12.190,0.9560,0.8300,35.0
189000,8192,113636,12.186,0.9500,0.8340,35.0
189200,2048,37224,12.170,0.9440,0.8300,35.0
189400,8192,170368,12.210,0.9380,0.8520,35.0
189600,4096,61588,12.188,0.9400,0.8500,34.9
189800,4096,97984,12.164,0.9460,0.8300,34.9
190000,2048,40200,12.160,0.9480,0.8080,34.9
190200,4096,45496,12.118,0.9240,0.7860,34.9
190400,4096,75452,12.136,0.9280,0.7940,34.9
190600,4096,60712,12.128,0.9360,0.7960,34.9
190800,8192,134992,12.148,0.9340,0.8080,34.8
191000,8192,174376,12.192,0.9440,0.8340,34.8
191200,1024,12508,12.174,0.9340,0.8320,34.8
191400,8192,147312,12.174,0.9320,0.8300,34.8
191600,4096,72132,12.172,0.9300,0.8460,34.8
191800,4096,123132,12.176,0.9320,0.8400,34.7
192000,8192,153108,12.176,0.9400,0.8280,34.7
192200,4096,96016,12.212,0.9460,0.8420,34.7
192400,8192,129080,12.210,0.9400,0.8600,34.7
192600,4096,79372,12.194,0.9320,0.8360,34.7
192800,8192,146460,12.160,0.9200,0.8160,34.7
193000,4096,71432,12.148,0.9220,0.8120,34.6
193200,8192,160808,12.106,0.9160,0.8120,34.6
193400,1024,17864,12.106,0.9240,0.8180,34.6
193600,1024,21768,12.138,0.9260,0.8100,34.6
193800,8192,176976,12.214,0.9380,0.8360,34.6
194000,8192,201440,12.224,0.9340,0.8440,34.6
194200,8192,165232,12.242,0.9320,0.8540,34.6
194400,4096,76444,12.222,0.9360,0.8480,34.5
194600,8192,114700,12.240,0.9400,0.8480,34.5
194800,4096,71752,12.240,0.9420,0.8400,34.5
195000,4096,97952,12.224,0.9440,0.8600,34.5
195200,4096,76492,12.192,0.9420,0.8520,34.5
195400,8192,112692,12.210,0.9440,0.8460,34.4
195600,4096,59692,12.238,0.9440,0.8480,34.4
195800,8192,160588,12.238,0.9460,0.8540,34.4
196000,8192,123132,12.256,0.9500,0.8620,34.4
196200,4096,73388,12.222,0.9440,0.8460,34.4
196400,4096,64700,12.130,0.9300,0.8140,34.3
196600,8192,134012,12.138,0.9400,0.8140,34.3
196800,8192,124888,12.168,0.9420,0.8160,34.3
197000,2048,45220,12.208,0.9440,0.8200,34.3
197200,4096,50556,12.196,0.9420,0.8140,34.2
197400,2048,45416,12.136,0.9420,0.8040,34.2
197600,1024,12788,12.174,0.9300,0.8320,34.2
197800,4096,75792,12.190,0.9260,0.8440,34.2
198000,4096,66020,12.214,0.9320,0.8460,34.1
198200,8192,132408,12.200,0.9260,0.8300,34.1
198400,4096,65260,12.172,0.9280,0.8220,34.1
198600,4096,61140,12.204,0.9440,0.8260,34.1
198800,1024,16044,12.206,0.9380,0.8360,34.0
199000,8192,162288,12.218,0.9380,0.8400,34.0
199200,8192,166432,12.230,0.9280,0.8360,34.0
199400,1024,20924,12.224,0.9380,0.8360,34.0
199600,8192,130912,12.248,0.9380,0.8460,34.0
199800,4096,83048,12.266,0.9440,0.8480,33.9
200000,4096,77980,12.188,0.9280,0.8320,33.9
200200,4096,74284,12.132,0.9120,0.8220,33.9
200400,512,7368,12.206,0.9340,0.8500,33.9
200600,4096,65996,12.240,0.9440,0.8620,33.8
200800,4096,60712,12.274,0.9500,0.8700,33.8
201000,4096,95096,12.264,0.9440,0.8580,33.8
201200,8192,164640,12.268,0.9500,0.8560,33.8
201400,2048,48144,12.276,0.9460,0.8540,33.8
201600,4096,79728,12.280,0.9440,0.8460,33.8
201800,2048,34168,12.278,0.9440,0.8260,33.7
202000,4096,78468,12.254,0.9440,0.8280,33.7
202200,4096,58376,12.226,0.9500,0.8340,33.7
202400,2048,25060,12.180,0.9480,0.8220,33.7
202600,4096,71132,12.144,0.9280,0.8140,33.7
202800,4096,68584,12.118,0.9220,0.8060,33.6
203000,8192,166676,12.178,0.9260,0.8320,33.6
203200,4096,68204,12.202,0.9220,0.8320,33.6
203400,4096,85392,12.212,0.9420,0.8420,33.6
203600,2048,32520,12.256,0.9520,0.8420,33.6
203800,4096,78776,12.252,0.9460,0.8480,33.6
204000,4096,80248,12.216,0.9360,0.8360,33.6
204200,8192,174116,12.198,0.9340,0.8400,33.5
204400,8192,149884,12.182,0.9400,0.8240,33.5
204600,8192,171732,12.218,0.9440,0.8400,33.5
204800,8192,137828,12.238,0.9440,0.8420,33.5
205000,4096,64392,12.236,0.9380,0.8340,33.5
205200,2048,39992,12.256,0.9420,0.8340,33.5
205400,4096,80748,12.220,0.9320,0.8340,33.5
205600,4096,80412,12.214,0.9380,0.8360,33.5
205800,4096,81404,12.182,0.9400,0.8300,33.4
206000,4096,78076,12.150,0.9140,0.8240,33.4
206200,1024,19264,12.164,0.9200,0.8280,33.4
206400,8192,175148,12.210,0.9420,0.8240,33.4
206600,8192,130496,12.182,0.9380,0.8180,33.4
206800,4096,71512,12.182,0.9340,0.8220,33.4
207000,2048,36144,12.252,0.9440,0.8360,33.4
207200,4096,76792,12.298,0.9520,0.8580,33.4
207400,2048,41836,12.260,0.9460,0.8400,33.3
207600,4096,78480,12.266,0.9440,0.8300,33.3
207800,8192,114376,12.258,0.9440,0.8320,33.3
208000,8192,122736,12.262,0.9400,0.8460,33.3
208200,2048,35588,12.270,0.9460,0.8620,33.3
208400,8192,169788,12.228,0.9420,0.8460,33.2
208600,8192,175836,12.164,0.9380,0.8260,33.2
208800,512,8872,12.106,0.9240,0.7980,33.2
209000,4096,83372,12.202,0.9400,0.8260,33.2
209200,4096,74012,12.218,0.9460,0.8320,33.1
209400,4096,70000,12.242,0.9480,0.8540,33.1
209600,4096,64296,12.216,0.9460,0.8540,33.1
209800,4096,80520,12.254,0.9520,0.8680,33.1
210000,8192,144652,12.218,0.9420,0.8440,33.1
210200,8192,114212,12.218,0.9400,0.8280,33.0
210400,4096,61800,12.260,0.9380,0.8360,33.0
210600,8192,118524,12.218,0.9380,0.8320,33.0
210800,8192,140148,12.252,0.9420,0.8420,33.0
211000,8192,122924,12.270,0.9460,0.8520,33.0
211200,8192,155528,12.260,0.9500,0.8420,33.0
211400,8192,131192,12.228,0.9580,0.8280,32.9
211600,8192,149856,12.184,0.9420,0.8180,32.9
211800,8192,136264,12.238,0.9380,0.8360,32.9
212000,8192,154516,12.212,0.9340,0.8280,32.9
212200,8192,119576,12.204,0.9440,0.8240,32.9
212400,8192,133996,12.218,0.9480,0.8380,32.9
212600,4096,81344,12.262,0.9520,0.8540,32.8
212800,4096,98716,12.218,0.9340,0.8320,32.8
213000,8192,113548,12.218,0.9320,0.8320,32.8
213200,4096,77224,12.288,0.9400,0.8600,32.8
213400,8192,174540,12.334,0.9620,0.8600,32.8
213600,4096,71516,12.292,0.9460,0.8400,32.7
213800,8192,149908,12.238,0.9400,0.8180,32.7
214000,4096,68268,12.236,0.9280,0.8420,32.7
214200,8192,133096,12.266,0.9400,0.8460,32.7
214400,8192,164308,12.270,0.9460,0.8520,32.7
214600,4096,80148,12.248,0.9520,0.8420,32.7
214800,4096,99028,12.260,0.9560,0.8540,32.6
215000,8192,168988,12.278,0.9520,0.8660,32.6
215200,2048,40152,12.298,0.9560,0.8640,32.6
215400,8192,134388,12.286,0.9520,0.8540,32.5
215600,8192,133004,12.258,0.9540,0.8520,32.5
215800,4096,85460,12.192,0.9500,0.8280,32.5
216000,8192,176404,12.172,0.9480,0.8020,32.5
216200,4096,78196,12.180,0.9320,0.8080,32.5
216400,2048,55620,12.188,0.9300,0.8180,32.4
216600,512,9616,12.184,0.9300,0.8420,32.4
216800,2048,57016,12.210,0.9280,0.8500,32.4
217000,4096,72624,12.222,0.9360,0.8420,32.4
217200,2048,51600,12.214,0.9300,0.8300,32.4
217400,8192,173828,12.190,0.9200,0.8200,32.4
217600,8192,175624,12.200,0.9320,0.8300,32.4
217800,1024,15572,12.244,0.9380,0.8400,32.4
218000,8192,149132,12.278,0.9520,0.8640,32.4
218200,4096,61180,12.282,0.9420,0.8640,32.3
218400,8192,169012,12.276,0.9420,0.8600,32.3
218600,8192,167896,12.314,0.9460,0.8640,32.3
218800,8192,113780,12.306,0.9440,0.8640,32.3
219000,4096,78600,12.262,0.9360,0.8400,32.3
219200,4096,50408,12.258,0.9400,0.8440,32.3
219400,8192,109624,12.240,0.9440,0.8340,32.3
219600,8192,123016,12.262,0.9400,0.8500,32.2
219800,8192,168312,12.270,0.9420,0.8480,32.2
220000,1024,20420,12.304,0.9500,0.8560,32.2
220200,8192,132940,12.322,0.9460,0.8560,32.2
220400,4096,52064,12.320,0.9400,0.8620,32.2
220600,8192,133828,12.274,0.9460,0.8420,32.2
220800,4096,73100,12.230,0.9500,0.8280,32.2
221000,4096,74900,12.278,0.9580,0.8400,32.1
221200,8192,132800,12.298,0.9640,0.8580,32.1
221400,4096,78804,12.300,0.9520,0.8600,32.1
221600,8192,171076,12.274,0.9360,0.8500,32.1
221800,4096,76396,12.248,0.9320,0.8400,32.1
222000,8192,133148,12.246,0.9380,0.8320,32.1
222200,8192,161524,12.242,0.9460,0.8340,32.1
222400,4096,73944,12.286,0.9460,0.8580,32.0
222600,8192,109584,12.278,0.9500,0.8680,32.0
222800,4096,71924,12.268,0.9560,0.8740,32.0
223000,2048,31480,12.268,0.9500,0.8580,32.0
223200,4096,99548,12.218,0.9260,0.8240,32.0
223400,4096,91620,12.216,0.9340,0.8260,32.0
223600,4096,81424,12.290,0.9620,0.8500,32.0
223800,2048,33140,12.226,0.9380,0.8440,32.0
224000,4096,57840,12.266,0.9360,0.8580,32.0
224200,8192,176880,12.300,0.9460,0.8620,31.9
224400,4096,71536,12.308,0.9440,0.8520,31.9
224600,8192,123700,12.270,0.9420,0.8380,31.9
224800,4096,70328,12.238,0.9360,0.8440,31.9
225000,4096,69600,12.242,0.9420,0.8420,31.8
225200,1024,13828,12.244,0.9480,0.8480,31.8
225400,4096,80776,12.226,0.9420,0.8480,31.8
225600,2048,32620,12.276,0.9560,0.8680,31.8
225800,4096,99772,12.254,0.9420,0.8620,31.8
226000,2048,34648,12.276,0.9420,0.8600,31.8
226200,8192,148444,12.216,0.9360,0.8180,31.7
226400,8192,131760,12.238,0.9360,0.8320,31.7
226600,4096,98784,12.208,0.9240,0.8360,31.7
226800,8192,174864,12.228,0.9240,0.8360,31.7
227000,4096,61156,12.288,0.9440,0.8480,31.7
227200,8192,134556,12.266,0.9440,0.8440,31.7
227400,4096,82184,12.282,0.9580,0.8520,31.7
227600,4096,57960,12.328,0.9520,0.8580,31.7
227800,8192,169756,12.334,0.9480,0.8480,31.7
228000,2048,34292,12.328,0.9500,0.8600,31.7
228200,4096,93004,12.316,0.9580,0.8560,31.6
228400,8192,124676,12.294,0.9540,0.8480,31.6
228600,4096,80232,12.240,0.9420,0.8360,31.6
228800,4096,89092,12.254,0.9460,0.8500,31.6
229000,4096,90880,12.286,0.9540,0.8640,31.6
229200,8192,109548,12.286,0.9480,0.8500,31.6
229400,8192,174396,12.306,0.9480,0.8580,31.6
229600,4096,61172,12.296,0.9580,0.8660,31.6
229800,8192,178140,12.294,0.9540,0.8580,31.6
230000,8192,159216,12.270,0.9380,0.8360,31.5
230200,8192,177072,12.278,0.9280,0.8460,31.5
230400,8192,179404,12.296,0.9420,0.8560,31.5
230600,4096,89660,12.270,0.9420,0.8660,31.5
230800,8192,132948,12.216,0.9400,0.8380,31.5
231000,4096,81460,12.290,0.9520,0.8600,31.5
231200,2048,30788,12.296,0.9640,0.8620,31.5
231400,4096,67452,12.314,0.9500,0.8580,31.5
231600,8192,175496,12.286,0.9420,0.8380,31.5
231800,2048,31768,12.288,0.9400,0.8700,31.5
232000,4096,67752,12.254,0.9400,0.8720,31.5
232200,1024,18460,12.306,0.9560,0.8780,31.5
232400,8192,124100,12.338,0.9620,0.8680,31.5
232600,4096,76464,12.312,0.9600,0.8700,31.5
232800,4096,79776,12.252,0.9460,0.8400,31.5
233000,1024,21500,12.206,0.9440,0.8220,31.5
233200,8192,136832,12.252,0.9500,0.8300,31.4
233400,8192,156784,12.304,0.9460,0.8560,31.4
233600,8192,158016,12.308,0.9480,0.8540,31.4
233800,8192,158312,12.258,0.9380,0.8560,31.4
234000,8192,130976,12.316,0.9600,0.8740,31.4
234200,4096,80612,12.300,0.9540,0.8680,31.4
234400,4096,80512,12.320,0.9480,0.8560,31.4
234600,8192,124880,12.290,0.9380,0.8540,31.4
234800,8192,152444,12.300,0.9460,0.8580,31.4
235000,8192,125180,12.306,0.9560,0.8560,31.3
235200,4096,71408,12.262,0.9500,0.8440,31.3
235400,8192,131980,12.282,0.9560,0.8580,31.3
235600,4096,66032,12.260,0.9520,0.8600,31.3
235800,4096,81088,12.278,0.9480,0.8700,31.3
236000,4096,68612,12.278,0.9560,0.8520,31.3
236200,8192,155264,12.284,0.9540,0.8380,31.3
236400,4096,95364,12.254,0.9400,0.8320,31.3
236600,4096,84316,12.206,0.9260,0.8260,31.3
236800,4096,88716,12.198,0.9300,0.8340,31.2
237000,8192,171476,12.224,0.9420,0.8460,31.2
237200,8192,126664,12.220,0.9340,0.8260,31.2
237400,8192,152188,12.222,0.9180,0.8260,31.2
237600,4096,91452,12.260,0.9340,0.8560,31.2
237800,2048,39220,12.268,0.9480,0.8560,31.2
238000,4096,78700,12.252,0.9520,0.8500,31.2
238200,4096,67332,12.250,0.9440,0.8360,31.2
238400,4096,85336,12.222,0.9460,0.8280,31.1
238600,4096,49916,12.244,0.9420,0.8400,31.1
238800,4096,60008,12.236,0.9440,0.8420,31.1
239000,8192,169524,12.300,0.9500,0.8580,31.1
239200,1024,20256,12.274,0.9500,0.8400,31.1
239400,8192,166976,12.244,0.9420,0.8340,31.1
239600,4096,83308,12.270,0.9560,0.8500,31.1
239800,8192,166488,12.252,0.9460,0.8400,31.1
240000,8192,131420,12.244,0.9380,0.8340,31.1
240200,8192,175804,12.272,0.9420,0.8540,31.1
240400,512,9640,12.264,0.9440,0.8520,31.1
240600,4096,60512,12.270,0.9460,0.8580,31.0
240800,4096,78560,12.298,0.9480,0.8580,31.0
241000,8192,132356,12.264,0.9440,0.8560,31.0
241200,4096,65044,12.236,0.9480,0.8380,31.0
241400,1024,16448,12.212,0.9460,0.8280,31.0
241600,4096,80784,12.268,0.9480,0.8440,31.0
241800,4096,59888,12.276,0.9520,0.8580,31.0
242000,8192,176604,12.312,0.9600,0.8720,31.0
242200,8192,116152,12.240,0.9320,0.8540,31.0
242400,8192,168444,12.224,0.9280,0.8460,31.0
242600,1024,17720,12.224,0.9300,0.8320,31.0
242800,8192,162356,12.306,0.9540,0.8520,31.0
243000,8192,165724,12.264,0.9520,0.8520,31.0
243200,2048,39380,12.290,0.9460,0.8620,31.0
243400,4096,61956,12.276,0.9440,0.8600,31.0
243600,1024,17644,12.342,0.9560,0.8800,31.0
243800,8192,112840,12.336,0.9600,0.8740,31.0
244000,4096,96704,12.370,0.9680,0.8880,30.9
244200,8192,148340,12.312,0.9660,0.8620,30.9
244400,8192,172704,12.312,0.9620,0.8480,30.9
244600,4096,75224,12.328,0.9540,0.8480,30.9
244800,8192,115184,12.356,0.9560,0.8680,30.9
245000,4096,76668,12.340,0.9500,0.8720,30.9
245200,8192,157024,12.300,0.9460,0.8600,30.9
245400,1024,14852,12.298,0.9400,0.8640,30.9
245600,4096,60568,12.264,0.9360,0.8540,30.9
245800,8192,158848,12.286,0.9420,0.8600,30.8
246000,4096,67572,12.292,0.9400,0.8660,30.8
246200,8192,114920,12.284,0.9420,0.8680,30.8
246400,4096,80324,12.262,0.9340,0.8520,30.8
246600,2048,35200,12.250,0.9420,0.8460,30.8
246800,4096,80416,12.290,0.9420,0.8540,30.8
247000,8192,109864,12.308,0.9540,0.8700,30.8
247200,4096,76176,12.276,0.9440,0.8460,30.8
247400,4096,47660,12.294,0.9460,0.8360,30.7
247600,8192,175800,12.276,0.9460,0.8220,30.7
247800,4096,52232,12.244,0.9440,0.8220,30.7
248000,8192,146748,12.240,0.9360,0.8440,30.7
248200,8192,127544,12.232,0.9320,0.8460,30.7
248400,4096,61456,12.214,0.9240,0.8360,30.7
248600,4096,79616,12.232,0.9280,0.8460,30.7
248800,8192,109508,12.326,0.9460,0.8740,30.7
249000,4096,69380,12.348,0.9460,0.8800,30.7
249200,8192,133056,12.278,0.9420,0.8420,30.7
249400,4096,88576,12.254,0.9380,0.8340,30.6
249600,4096,62452,12.336,0.9600,0.8720,30.6
249800,8192,176216,12.356,0.9580,0.8720,30.6
250000,4096,81040,12.312,0.9500,0.8540,30.6
250200,8192,133236,12.278,0.9460,0.8340,30.6
250400,8192,149796,12.244,0.9400,0.8360,30.6
250600,4096,77504,12.322,0.9480,0.8700,30.5
250800,1024,14164,12.312,0.9440,0.8760,30.5
251000,4096,96464,12.316,0.9440,0.8640,30.5
251200,2048,27380,12.248,0.9340,0.8400,30.5
251400,4096,58796,12.226,0.9300,0.8340,30.5
251600,8192,170688,12.258,0.9280,0.8460,30.5
251800,8192,175928,12.262,0.9180,0.8420,30.5
252000,8192,167988,12.270,0.9280,0.8380,30.5
252200,4096,59672,12.288,0.9400,0.8440,30.5
252400,4096,66948,12.274,0.9360,0.8360,30.5
252600,4096,79664,12.316,0.9500,0.8480,30.5
252800,2048,32136,12.310,0.9560,0.8500,30.5
253000,4096,75920,12.308,0.9560,0.8700,30.4
253200,8192,175000,12.276,0.9420,0.8620,30.4
253400,8192,147804,12.360,0.9560,0.8880,30.4
253600,4096,76728,12.336,0.9500,0.8660,30.4
253800,4096,53176,12.258,0.9300,0.8360,30.4
254000,8192,168216,12.238,0.9300,0.8360,30.4
254200,2048,37644,12.320,0.9400,0.8560,30.4
254400,4096,76460,12.344,0.9480,0.8680,30.4
254600,4096,80412,12.316,0.9420,0.8600,30.4
254800,4096,70896,12.284,0.9460,0.8500,30.4
255000,4096,62384,12.344,0.9560,0.8800,30.4
255200,8192,128948,12.342,0.9540,0.8760,30.4
255400,8192,173052,12.286,0.9380,0.8520,30.4
255600,8192,104580,12.330,0.9480,0.8500,30.3
255800,8192,173784,12.274,0.9500,0.8380,30.3
256000,8192,131884,12.276,0.9440,0.8380,30.3
256200,8192,107852,12.248,0.9340,0.8280,30.3
256400,8192,171112,12.242,0.9180,0.8380,30.3
256600,8192,130444,12.260,0.9240,0.8420,30.3
256800,4096,73100,12.276,0.9320,0.8460,30.3
257000,4096,74764,12.248,0.9300,0.8460,30.2
257200,8192,156896,12.264,0.9360,0.8500,30.2
257400,2048,27052,12.286,0.9560,0.8700,30.2
257600,2048,36892,12.268,0.9540,0.8620,30.2
257800,8192,171440,12.286,0.9480,0.8600,30.2
258000,1024,22288,12.348,0.9520,0.8640,30.2
258200,8192,176788,12.380,0.9520,0.8740,30.2
258400,8192,173388,12.372,0.9560,0.8760,30.2
258600,8192,127524,12.316,0.9620,0.8580,30.2
258800,8192,134376,12.304,0.9480,0.8480,30.2
259000,4096,78736,12.306,0.9400,0.8500,30.2
259200,4096,67656,12.326,0.9500,0.8660,30.2
259400,8192,137580,12.328,0.9560,0.8580,30.1
259600,8192,176348,12.376,0.9620,0.8580,30.1
259800,8192,129316,12.354,0.9440,0.8500,30.1
260000,4096,97004,12.320,0.9480,0.8440,30.1
260200,8192,156508,12.276,0.9500,0.8420,30.1
260400,8192,174448,12.282,0.9540,0.8440,30.1
260600,8192,174996,12.302,0.9540,0.8480,30.1
260800,4096,77928,12.288,0.9440,0.8380,30.1
261000,8192,177272,12.300,0.9480,0.8400,30.1
261200,1024,16004,12.342,0.9480,0.8700,30.1
261400,2048,36620,12.292,0.9440,0.8520,30.1
261600,8192,154304,12.250,0.9460,0.8360,30.1
261800,8192,130636,12.348,0.9600,0.8700,30.0
262000,4096,61572,12.326,0.9460,0.8620,30.0
262200,1024,14476,12.266,0.9240,0.8460,30.0
262400,8192,167888,12.230,0.9200,0.8420,30.0
262600,2048,31976,12.254,0.9300,0.8520,30.0
262800,4096,76112,12.300,0.9460,0.8700,30.0
263000,2048,36116,12.216,0.9180,0.8360,30.0
263200,8192,172224,12.174,0.9000,0.8120,30.0
263400,4096,80624,12.226,0.9220,0.8380,30.0
263600,8192,149840,12.278,0.9440,0.8660,30.0
263800,4096,74292,12.286,0.9380,0.8660,30.0
264000,4096,80704,12.348,0.9460,0.8680,30.0
264200,8192,165908,12.308,0.9440,0.8560,29.9
264400,4096,90212,12.346,0.9560,0.8740,29.9
264600,4096,83840,12.342,0.9600,0.8800,29.9
264800,8192,124032,12.392,0.9740,0.8940,29.9
265000,4096,70712,12.322,0.9580,0.8740,29.9
265200,8192,149416,12.296,0.9460,0.8540,29.9
265400,4096,87132,12.306,0.9420,0.8560,29.9
265600,4096,79384,12.320,0.9460,0.8660,29.9
265800,16384,247312,12.320,0.9340,0.8780,29.9
266000,8192,130720,12.288,0.9300,0.8720,29.9
266200,8192,168084,12.324,0.9440,0.8660,29.9
266400,8192,175412,12.362,0.9580,0.8760,29.8
266600,4096,81408,12.314,0.9540,0.8760,29.8
266800,4096,79700,12.312,0.9460,0.8760,29.8
267000,2048,27332,12.298,0.9400,0.8700,29.8
267200,2048,28100,12.356,0.9460,0.8740,29.8
267400,8192,174040,12.400,0.9640,0.8920,29.8
267600,8192,156956,12.334,0.9540,0.8660,29.8
267800,8192,132796,12.322,0.9560,0.8560,29.8
268000,8192,114980,12.286,0.9520,0.8440,29.8
268200,8192,175216,12.314,0.9460,0.8480,29.8
268400,4096,59388,12.282,0.9340,0.8340,29.8
268600,4096,80408,12.354,0.9460,0.8660,29.8
268800,4096,79520,12.290,0.9440,0.8600,29.8
269000,8192,168388,12.304,0.9440,0.8580,29.7
269200,4096,58476,12.350,0.9520,0.8820,29.7
269400,8192,174220,12.334,0.9500,0.8780,29.7
269600,8192,172000,12.388,0.9520,0.8840,29.7
269800,8192,107748,12.398,0.9500,0.8620,29.7
270000,4096,61608,12.396,0.9480,0.8540,29.7
270200,2048,36332,12.332,0.9500,0.8480,29.7
270400,8192,171884,12.342,0.9620,0.8580,29.7
270600,4096,80500,12.330,0.9560,0.8640,29.7
270800,4096,52184,12.376,0.9580,0.8640,29.7
271000,2048,35160,12.296,0.9400,0.8420,29.7
271200,8192,157520,12.310,0.9520,0.8600,29.6
271400,4096,71848,12.332,0.9640,0.8820,29.6
271600,8192,133008,12.324,0.9580,0.9020,29.6
271800,4096,80624,12.338,0.9560,0.8820,29.6
272000,2048,60704,12.324,0.9540,0.8580,29.6
272200,8192,143408,12.388,0.9640,0.8740,29.6
272400,4096,78688,12.384,0.9600,0.8740,29.6
272600,4096,70912,12.382,0.9540,0.8800,29.6
272800,8192,141500,12.362,0.9520,0.8620,29.5
273000,8192,154232,12.386,0.9560,0.8780,29.5
273200,4096,65288,12.346,0.9460,0.8760,29.5
273400,8192,167596,12.356,0.9420,0.8740,29.5
273600,4096,87252,12.372,0.9500,0.8720,29.5
273800,2048,40924,12.328,0.9480,0.8680,29.5
274000,512,9516,12.308,0.9540,0.8660,29.5
274200,4096,80260,12.264,0.9500,0.8460,29.4
274400,8192,134452,12.286,0.9560,0.8440,29.4
274600,1024,17180,12.312,0.9500,0.8540,29.4
274800,8192,155956,12.332,0.9480,0.8680,29.4
275000,4096,80112,12.354,0.9540,0.8760,29.4
275200,4096,64272,12.368,0.9600,0.8920,29.4
275400,8192,172980,12.332,0.9460,0.8720,29.4
275600,8192,167884,12.326,0.9360,0.8740,29.3
275800,8192,100268,12.342,0.9420,0.8720,29.3
276000,4096,77748,12.390,0.9560,0.8840,29.3
276200,8192,134804,12.372,0.9640,0.8900,29.3
276400,8192,157908,12.318,0.9560,0.8660,29.3
276600,4096,70468,12.300,0.9520,0.8680,29.3
276800,2048,26296,12.302,0.9460,0.8640,29.3
277000,8192,170752,12.292,0.9400,0.8620,29.3
277200,4096,76480,12.318,0.9440,0.8640,29.3
277400,4096,70136,12.336,0.9440,0.8760,29.2
277600,8192,152508,12.276,0.9360,0.8480,29.2
277800,8192,151100,12.320,0.9420,0.8620,29.2
278000,4096,76808,12.412,0.9600,0.8800,29.2
278200,8192,200032,12.384,0.9500,0.8780,29.1
278400,2048,35112,12.328,0.9520,0.8660,29.1
278600,8192,192936,12.290,0.9560,0.8560,29.1
278800,4096,77884,12.292,0.9540,0.8460,29.1
279000,1024,20048,12.298,0.9480,0.8480,29.1
279200,8192,112700,12.330,0.9460,0.8580,29.1
279400,4096,61656,12.344,0.9500,0.8640,29.1
279600,8192,175352,12.344,0.9460,0.8680,29.1
279800,8192,173968,12.332,0.9520,0.8640,29.1
280000,8192,175936,12.342,0.9520,0.8600,29.1
280200,2048,43544,12.310,0.9460,0.8600,29.1
280400,8192,132964,12.274,0.9440,0.8520,29.1
280600,4096,74640,12.328,0.9400,0.8600,29.1
280800,8192,109700,12.340,0.9440,0.8540,29.1
281000,8192,216672,12.376,0.9540,0.8660,29.0
281200,8192,147992,12.378,0.9520,0.8700,29.0
281400,4096,90300,12.394,0.9580,0.8700,29.0
281600,2048,35828,12.422,0.9600,0.8780,29.0
281800,8192,172628,12.372,0.9600,0.8720,29.0
282000,8192,153328,12.338,0.9480,0.8700,29.0
282200,8192,169320,12.322,0.9440,0.8580,29.0
282400,8192,135152,12.300,0.9340,0.8400,29.0
282600,8192,168484,12.282,0.9280,0.8360,29.0
282800,8192,175404,12.344,0.9440,0.8600,29.0
283000,4096,64316,12.338,0.9460,0.8580,29.0
283200,8192,123556,12.300,0.9380,0.8460,29.0
283400,8192,176944,12.342,0.9440,0.8580,29.0
283600,8192,132224,12.326,0.9420,0.8620,29.0
283800,8192,120476,12.332,0.9400,0.8540,29.0
284000,4096,57216,12.364,0.9500,0.8760,28.9
284200,8192,133688,12.350,0.9540,0.8820,28.9
284400,8192,157396,12.400,0.9620,0.8980,28.9
284600,4096,80120,12.406,0.9640,0.8720,28.9
284800,8192,156700,12.362,0.9520,0.8660,28.9
285000,8192,103848,12.376,0.9500,0.8740,28.9
285200,16384,268916,12.390,0.9540,0.8740,28.9
285400,1024,16752,12.362,0.9480,0.8660,28.9
285600,8192,133704,12.328,0.9360,0.8520,28.9
285800,4096,78616,12.292,0.9300,0.8540,28.9
286000,4096,79916,12.312,0.9440,0.8620,28.9
286200,8192,124008,12.256,0.9300,0.8500,28.9
286400,8192,129060,12.270,0.9160,0.8260,28.9
286600,4096,61432,12.292,0.9320,0.8220,28.9
286800,8192,136824,12.372,0.9600,0.8520,28.9
287000,8192,171780,12.322,0.9480,0.8380,28.9
287200,8192,143808,12.350,0.9460,0.8540,28.9
287400,8192,125732,12.330,0.9500,0.8520,28.8
287600,4096,80508,12.348,0.9660,0.8600,28.8
287800,16384,231336,12.382,0.9600,0.8660,28.8
288000,8192,115296,12.392,0.9460,0.8820,28.8
288200,4096,79088,12.320,0.9340,0.8720,28.8
288400,8192,104520,12.298,0.9420,0.8660,28.8
288600,8192,172208,12.338,0.9480,0.8680,28.8
288800,4096,59648,12.390,0.9580,0.8820,28.8
289000,8192,144988,12.344,0.9560,0.8520,28.8
289200,8192,177292,12.332,0.9580,0.8620,28.8
289400,8192,132400,12.318,0.9560,0.8600,28.8
289600,8192,166376,12.356,0.9540,0.8700,28.8
289800,1024,13300,12.380,0.9620,0.8880,28.8
290000,8192,144868,12.352,0.9500,0.8800,28.8
290200,8192,166328,12.312,0.9420,0.8580,28.8
290400,8192,132912,12.322,0.9480,0.8640,28.7
290600,8192,152372,12.306,0.9460,0.8700,28.7
290800,4096,76408,12.328,0.9480,0.8820,28.7
291000,4096,78568,12.276,0.9420,0.8680,28.7
291200,8192,109556,12.306,0.9600,0.8680,28.7
291400,4096,81200,12.406,0.9720,0.8980,28.7
291600,4096,58360,12.374,0.9560,0.8860,28.7
291800,1024,12876,12.342,0.9420,0.8680,28.7
292000,8192,172488,12.330,0.9480,0.8660,28.7
292200,4096,81800,12.316,0.9380,0.8660,28.7
292400,8192,131912,12.298,0.9340,0.8680,28.7
292600,8192,133664,12.348,0.9480,0.8720,28.7
292800,8192,134416,12.344,0.9560,0.8500,28.7
293000,8192,172540,12.384,0.9500,0.8560,28.7
293200,4096,50708,12.338,0.9500,0.8520,28.7
293400,1024,16908,12.310,0.9380,0.8600,28.7
293600,8192,153728,12.342,0.9440,0.8720,28.6
293800,4096,80184,12.326,0.9360,0.8640,28.6
294000,8192,152060,12.302,0.9400,0.8540,28.6
294200,2048,35164,12.294,0.9420,0.8500,28.6
294400,8192,170480,12.366,0.9580,0.8740,28.6
294600,8192,133020,12.336,0.9460,0.8620,28.6
294800,4096,74512,12.342,0.9440,0.8680,28.6
295000,8192,117140,12.346,0.9480,0.8680,28.6
295200,4096,81776,12.366,0.9480,0.8640,28.6
295400,8192,164604,12.362,0.9440,0.8780,28.6
295600,4096,62172,12.284,0.9360,0.8640,28.6
295800,8192,166776,12.254,0.9340,0.8480,28.6
296000,8192,135064,12.310,0.9440,0.8520,28.6
296200,8192,132768,12.384,0.9520,0.8680,28.6
296400,8192,153304,12.354,0.9440,0.8580,28.6
296600,1024,14556,12.326,0.9440,0.8440,28.6
296800,8192,124044,12.312,0.9340,0.8440,28.6
297000,4096,80232,12.370,0.9400,0.8640,28.6
297200,2048,38588,12.358,0.9480,0.8740,28.6
297400,8192,130268,12.388,0.9580,0.8780,28.6
297600,4096,80596,12.412,0.9580,0.8800,28.6
297800,4096,80628,12.416,0.9580,0.8860,28.6
298000,8192,126460,12.330,0.9300,0.8540,28.6
298200,4096,74600,12.268,0.9200,0.8440,28.5
298400,4096,65816,12.294,0.9360,0.8680,28.5
298600,2048,40132,12.310,0.9500,0.8860,28.5
298800,8192,112716,12.372,0.9600,0.8780,28.5
299000,4096,70180,12.418,0.9580,0.8820,28.5
299200,4096,79516,12.430,0.9620,0.8820,28.5
299400,8192,192520,12.398,0.9540,0.8700,28.5
299600,2048,44980,12.376,0.9500,0.8640,28.5
299800,4096,58548,12.354,0.9600,0.8700,28.5
300000,8192,175544,12.384,0.9620,0.8860,28.5
300200,4096,63208,12.426,0.9660,0.8960,28.5
300400,4096,76376,12.414,0.9620,0.9060,28.4
300600,2048,34736,12.332,0.9440,0.8740,28.4
300800,8192,127156,12.394,0.9600,0.8880,28.4
301000,8192,145248,12.418,0.9640,0.8820,28.4
301200,8192,175260,12.400,0.9560,0.8760,28.4
301400,2048,37200,12.380,0.9520,0.8740,28.4
301600,4096,76164,12.328,0.9480,0.8600,28.4
301800,8192,131028,12.350,0.9560,0.8740,28.4
302000,4096,96108,12.352,0.9500,0.8740,28.4
302200,4096,80528,12.396,0.9600,0.8800,28.4
302400,8192,156860,12.398,0.9620,0.8760,28.4
302600,8192,173096,12.330,0.9540,0.8580,28.4
302800,4096,85588,12.370,0.9560,0.8760,28.4
303000,8192,173264,12.372,0.9500,0.8760,28.4
303200,8192,133388,12.404,0.9480,0.8780,28.4
303400,2048,34696,12.382,0.9460,0.8780,28.4
303600,8192,164328,12.290,0.9360,0.8600,28.4
303800,8192,169184,12.288,0.9320,0.8560,28.4
304000,4096,80624,12.260,0.9280,0.8340,28.4
304200,8192,155328,12.274,0.9320,0.8400,28.4
304400,4096,81852,12.304,0.9340,0.8360,28.4
304600,4096,70852,12.346,0.9480,0.8560,28.4
304800,1024,16820,12.348,0.9460,0.8640,28.4
305000,8192,167276,12.360,0.9460,0.8720,28.4
305200,8192,125812,12.368,0.9540,0.8780,28.4
305400,8192,145868,12.376,0.9580,0.8700,28.4
305600,4096,98304,12.390,0.9640,0.8760,28.4
305800,512,10272,12.384,0.9620,0.8720,28.4
306000,4096,65140,12.348,0.9520,0.8540,28.4
306200,2048,35556,12.382,0.9460,0.8700,28.4
306400,8192,158632,12.408,0.9500,0.8820,28.4
306600,8192,175568,12.402,0.9580,0.8820,28.4
306800,8192,157184,12.378,0.9580,0.8740,28.4
307000,4096,113372,12.356,0.9460,0.8620,28.4
307200,4096,84548,12.360,0.9420,0.8680,28.4
307400,2048,36872,12.326,0.9440,0.8740,28.4
307600,4096,76520,12.262,0.9300,0.8540,28.4
307800,4096,82344,12.270,0.9260,0.8600,28.3
308000,1024,21848,12.354,0.9380,0.8760,28.3
308200,8192,173096,12.370,0.9480,0.8620,28.3
308400,16384,224092,12.350,0.9520,0.8540,28.3
308600,8192,166540,12.378,0.9580,0.8780,28.3
308800,8192,175328,12.432,0.9660,0.8900,28.3
309000,8192,157304,12.386,0.9600,0.8800,28.3
309200,8192,153024,12.378,0.9520,0.8880,28.3
309400,4096,72260,12.324,0.9320,0.8660,28.3
309600,8192,164864,12.328,0.9400,0.8600,28.3
309800,4096,80436,12.318,0.9300,0.8480,28.3
310000,8192,138556,12.334,0.9380,0.8620,28.3
310200,4096,91472,12.368,0.9460,0.8720,28.3
310400,8192,136188,12.364,0.9420,0.8780,28.3
310600,8192,106212,12.390,0.9520,0.8960,28.3
310800,8192,153112,12.352,0.9480,0.8780,28.3
311000,4096,82044,12.356,0.9600,0.8600,28.3
311200,8192,171468,12.352,0.9520,0.8540,28.3
311400,8192,168240,12.368,0.9640,0.8660,28.3
311600,8192,175012,12.350,0.9540,0.8820,28.3
311800,4096,77016,12.378,0.9420,0.8820,28.3
312000,8192,173004,12.316,0.9340,0.8620,28.2
312200,2048,35944,12.310,0.9420,0.8480,28.2
312400,2048,61312,12.332,0.9500,0.8560,28.2
312600,1024,20976,12.380,0.9560,0.8820,28.2
312800,4096,84656,12.410,0.9560,0.8820,28.2
313000,8192,176796,12.364,0.9420,0.8700,28.2
313200,4096,77192,12.348,0.9400,0.8620,28.2
313400,4096,69736,12.360,0.9520,0.8540,28.2
313600,8192,153368,12.380,0.9660,0.8700,28.2
313800,8192,141736,12.316,0.9500,0.8540,28.2
314000,8192,173576,12.310,0.9340,0.8500,28.2
314200,8192,133476,12.354,0.9420,0.8680,28.2
314400,8192,132212,12.424,0.9520,0.8780,28.2
314600,8192,125488,12.442,0.9620,0.8820,28.2
314800,8192,173988,12.448,0.9540,0.8800,28.1
315000,4096,80772,12.388,0.9380,0.8600,28.1
315200,4096,80220,12.384,0.9420,0.8640,28.1
315400,4096,86824,12.342,0.9440,0.8640,28.1
315600,8192,113036,12.394,0.9420,0.8860,28.1
315800,8192,104784,12.368,0.9360,0.8740,28.1
316000,8192,131860,12.380,0.9440,0.8680,28.1
316200,4096,71236,12.394,0.9540,0.8720,28.1
316400,8192,166316,12.362,0.9460,0.8580,28.1
316600,8192,169904,12.382,0.9460,0.8740,28.1
316800,8192,132156,12.410,0.9520,0.8780,28.1
317000,8192,147924,12.404,0.9560,0.8980,28.1
317200,8192,114556,12.372,0.9560,0.8880,28.1
317400,1024,20108,12.340,0.9440,0.8720,28.1
317600,4096,80308,12.322,0.9380,0.8620,28.0
317800,4096,56836,12.350,0.9520,0.8700,28.0
318000,16384,257644,12.322,0.9540,0.8600,28.0
318200,2048,28724,12.300,0.9420,0.8560,28.0
318400,8192,171652,12.322,0.9480,0.8660,28.0
318600,8192,166244,12.226,0.9340,0.8340,28.0
318800,4096,74348,12.232,0.9460,0.8340,28.0
319000,8192,130996,12.318,0.9580,0.8680,28.0
319200,4096,91504,12.390,0.9640,0.8940,28.0
319400,4096,78220,12.364,0.9520,0.8900,28.0
319600,8192,156936,12.330,0.9400,0.8680,28.0
319800,4096,60264,12.376,0.9460,0.8860,28.0
320000,8192,171500,12.414,0.9600,0.8860,28.0
320200,1024,20028,12.412,0.9600,0.8840,28.0
320400,8192,143760,12.372,0.9440,0.8700,28.0
320600,4096,80616,12.324,0.9280,0.8500,28.0
320800,8192,128744,12.376,0.9380,0.8580,28.0
321000,4096,80152,12.424,0.9500,0.8760,27.9
321200,8192,139560,12.368,0.9380,0.8740,27.9
321400,1024,16528,12.342,0.9360,0.8660,27.9
321600,4096,95420,12.398,0.9520,0.8800,27.9
321800,8192,128948,12.370,0.9400,0.8700,27.9
322000,4096,71240,12.386,0.9460,0.8680,27.9
322200,4096,75796,12.372,0.9440,0.8680,27.9
322400,4096,68220,12.384,0.9600,0.8700,27.9
322600,8192,170052,12.402,0.9660,0.8760,27.9
322800,8192,141748,12.412,0.9580,0.8900,27.9
323000,8192,129624,12.342,0.9520,0.8680,27.9
323200,8192,133112,12.310,0.9340,0.8400,27.9
323400,8192,112860,12.334,0.9400,0.8460,27.9
323600,8192,155728,12.362,0.9440,0.8520,27.9
323800,8192,128132,12.378,0.9420,0.8620,27.9
324000,8192,175292,12.390,0.9520,0.8720,27.9
324200,4096,80436,12.368,0.9500,0.8600,27.9
324400,4096,79776,12.360,0.9440,0.8580,27.9
324600,8192,128984,12.328,0.9400,0.8520,27.8
324800,8192,131088,12.314,0.9380,0.8400,27.8
325000,8192,172124,12.350,0.9540,0.8540,27.8
325200,4096,80152,12.360,0.9560,0.8620,27.8
325400,2048,32324,12.370,0.9580,0.8760,27.8
325600,4096,58944,12.328,0.9460,0.8660,27.8
325800,4096,71864,12.322,0.9480,0.8680,27.8
326000,8192,172952,12.422,0.9640,0.8920,27.8
326200,4096,60384,12.452,0.9660,0.8940,27.8
326400,4096,67072,12.414,0.9520,0.8740,27.8
326600,8192,129044,12.396,0.9420,0.8680,27.8
326800,2048,26804,12.364,0.9320,0.8580,27.8
327000,4096,90040,12.346,0.9340,0.8500,27.8
327200,8192,153160,12.320,0.9380,0.8440,27.8
327400,8192,164956,12.320,0.9340,0.8520,27.7
327600,8192,155676,12.302,0.9300,0.8540,27.7
327800,8192,174028,12.350,0.9380,0.8640,27.7
328000,8192,162708,12.336,0.9400,0.8600,27.7
328200,8192,165912,12.296,0.9320,0.8420,27.7
328400,4096,71832,12.372,0.9480,0.8640,27.7
328600,8192,137896,12.404,0.9460,0.8640,27.7
328800,8192,165840,12.448,0.9500,0.8780,27.7
329000,4096,67420,12.438,0.9520,0.8640,27.7
329200,4096,56724,12.408,0.9540,0.8540,27.7
329400,1024,18328,12.324,0.9440,0.8320,27.7
329600,4096,78468,12.336,0.9580,0.8460,27.7
329800,8192,158816,12.372,0.9580,0.8620,27.7
330000,8192,151844,12.342,0.9420,0.8560,27.7
330200,2048,58468,12.334,0.9420,0.8480,27.6
330400,4096,69996,12.304,0.9380,0.8480,27.6
330600,8192,146868,12.294,0.9300,0.8580,27.6
330800,4096,79360,12.294,0.9260,0.8420,27.6
331000,8192,153356,12.350,0.9340,0.8640,27.6
331200,8192,149964,12.412,0.9440,0.8900,27.6
331400,8192,113140,12.472,0.9540,0.8980,27.6
331600,4096,80084,12.438,0.9540,0.8800,27.6
331800,2048,36164,12.390,0.9460,0.8720,27.6
332000,8192,132776,12.390,0.9420,0.8920,27.6
332200,4096,62056,12.364,0.9480,0.8800,27.6
332400,8192,145960,12.288,0.9320,0.8480,27.5
332600,8192,167428,12.322,0.9400,0.8440,27.5
332800,8192,121476,12.334,0.9340,0.8480,27.5
333000,8192,167564,12.406,0.9520,0.8680,27.5
333200,4096,85676,12.388,0.9560,0.8860,27.5
333400,4096,81368,12.402,0.9620,0.8820,27.5
333600,4096,77996,12.426,0.9600,0.8940,27.5
333800,4096,53120,12.430,0.9520,0.8800,27.5
334000,8192,153484,12.416,0.9500,0.8920,27.5
334200,8192,169156,12.392,0.9460,0.8780,27.5
334400,8192,176916,12.428,0.9500,0.8820,27.5
334600,4096,68192,12.380,0.9460,0.8620,27.5
334800,8192,171244,12.350,0.9400,0.8520,27.5
335000,8192,128212,12.338,0.9500,0.8600,27.4
335200,8192,132716,12.306,0.9420,0.8580,27.4
335400,8192,167620,12.406,0.9580,0.8900,27.4
335600,8192,177168,12.436,0.9580,0.8920,27.4
335800,8192,167364,12.428,0.9580,0.8760,27.4
336000,4096,79840,12.408,0.9680,0.8580,27.4
336200,8192,108784,12.416,0.9720,0.8660,27.4
336400,4096,67872,12.438,0.9740,0.8780,27.4
336600,4096,71508,12.448,0.9720,0.8960,27.4
336800,8192,162644,12.436,0.9640,0.8820,27.4
337000,4096,80216,12.438,0.9520,0.8880,27.4
337200,4096,76936,12.384,0.9480,0.8700,27.4
337400,8192,131892,12.348,0.9440,0.8660,27.4
337600,8192,163492,12.392,0.9560,0.8840,27.4
337800,8192,132988,12.436,0.9680,0.9040,27.4
338000,4096,80292,12.414,0.9700,0.8940,27.4
338200,4096,71452,12.398,0.9540,0.8820,27.4
338400,8192,165448,12.342,0.9340,0.8540,27.3
338600,8192,176724,12.348,0.9400,0.8520,27.3
338800,8192,157000,12.388,0.9440,0.8540,27.3
339000,4096,64492,12.424,0.9460,0.8780,27.3
339200,8192,133152,12.358,0.9340,0.8720,27.3
339400,8192,177072,12.332,0.9300,0.8640,27.3
339600,2048,26952,12.338,0.9320,0.8540,27.3
339800,8192,152788,12.414,0.9600,0.8720,27.3
340000,8192,137836,12.434,0.9600,0.8800,27.3
340200,4096,51360,12.418,0.9580,0.8880,27.3
340400,8192,173292,12.374,0.9520,0.8760,27.3
340600,8192,131212,12.372,0.9480,0.8740,27.3
340800,8192,133128,12.380,0.9520,0.8720,27.3
341000,8192,172792,12.390,0.9600,0.8780,27.3
341200,1024,13012,12.334,0.9500,0.8680,27.3
341400,1024,19944,12.312,0.9380,0.8620,27.3
341600,4096,57060,12.332,0.9300,0.8600,27.2
341800,8192,120580,12.342,0.9380,0.8420,27.2
342000,8192,150696,12.380,0.9420,0.8500,27.2
342200,4096,59600,12.416,0.9540,0.8660,27.2
342400,4096,80720,12.400,0.9540,0.8780,27.2
342600,4096,47772,12.408,0.9600,0.8760,27.2
342800,1024,17780,12.442,0.9520,0.8880,27.2
343000,4096,70868,12.452,0.9480,0.8860,27.2
343200,4096,74444,12.414,0.9440,0.8820,27.2
343400,1024,14544,12.394,0.9380,0.8740,27.2
343600,8192,166436,12.372,0.9420,0.8560,27.2
343800,4096,49576,12.424,0.9500,0.8740,27.2
344000,2048,44996,12.424,0.9500,0.8860,27.2
344200,8192,109272,12.400,0.9480,0.8780,27.2
344400,4096,78756,12.408,0.9540,0.8800,27.2
344600,4096,69276,12.406,0.9540,0.8740,27.2
344800,8192,117928,12.422,0.9560,0.8720,27.2
345000,8192,174676,12.430,0.9580,0.8720,27.2
345200,2048,37780,12.446,0.9660,0.8860,27.1
345400,8192,174492,12.472,0.9680,0.8900,27.1
345600,8192,130416,12.428,0.9600,0.8800,27.1
345800,4096,106696,12.396,0.9540,0.8600,27.1
346000,4096,80196,12.396,0.9540,0.8680,27.1
346200,4096,91192,12.384,0.9600,0.8720,27.1
346400,8192,117860,12.366,0.9500,0.8740,27.1
346600,4096,61340,12.390,0.9500,0.8640,27.1
346800,8192,158132,12.458,0.9620,0.8980,27.1
347000,8192,116440,12.422,0.9600,0.8900,27.1
347200,8192,177148,12.444,0.9680,0.8880,27.1
347400,8192,168104,12.398,0.9560,0.8800,27.1
347600,8192,171488,12.370,0.9460,0.8820,27.1
347800,8192,163412,12.334,0.9340,0.8700,27.1
348000,8192,166200,12.360,0.9400,0.8740,27.1
348200,8192,173004,12.424,0.9680,0.8920,27.1
348400,2048,43472,12.440,0.9620,0.8960,27.1
348600,8192,158768,12.462,0.9620,0.9100,27.1
348800,8192,149480,12.434,0.9540,0.8900,27.1
349000,4096,70452,12.440,0.9620,0.8920,27.1
349200,4096,73256,12.438,0.9600,0.9040,27.1
349400,8192,153164,12.416,0.9560,0.9000,27.1
349600,2048,33712,12.388,0.9520,0.8780,27.1
349800,8192,133964,12.346,0.9540,0.8660,27.1
350000,4096,79752,12.386,0.9580,0.8820,27.1
350200,8192,166988,12.386,0.9580,0.8760,27.1
350400,8192,176908,12.392,0.9540,0.8900,27.1
350600,8192,177104,12.402,0.9480,0.8840,27.1
350800,4096,78208,12.356,0.9380,0.8620,27.1
351000,8192,174540,12.384,0.9480,0.8640,27.1
351200,8192,133832,12.348,0.9420,0.8640,27.1
351400,8192,142776,12.386,0.9500,0.8760,27.1
351600,4096,58116,12.390,0.9520,0.8860,27.1
351800,4096,79204,12.398,0.9440,0.8740,27.1
352000,8192,127240,12.364,0.9380,0.8640,27.1
352200,8192,129488,12.390,0.9420,0.8640,27.0
352400,8192,172612,12.450,0.9560,0.8840,27.0
352600,2048,36724,12.450,0.9600,0.8780,27.0
352800,4096,63964,12.434,0.9460,0.8740,27.0
353000,4096,89176,12.438,0.9500,0.8820,27.0
353200,4096,76332,12.438,0.9500,0.8820,27.0
353400,4096,88576,12.406,0.9460,0.8700,27.0
353600,8192,134120,12.422,0.9480,0.8880,27.0
353800,4096,72132,12.414,0.9460,0.8820,27.0
354000,8192,145240,12.424,0.9520,0.8820,27.0
354200,4096,80128,12.452,0.9600,0.9000,27.0
354400,4096,77032,12.438,0.9520,0.9020,27.0
354600,8192,157628,12.398,0.9540,0.8820,27.0
354800,8192,168416,12.400,0.9600,0.8660,27.0
355000,4096,68288,12.424,0.9620,0.8800,27.0
355200,8192,109268,12.418,0.9600,0.8860,27.0
355400,4096,91288,12.394,0.9620,0.8840,27.0
355600,8192,154636,12.386,0.9600,0.8660,27.0
355800,2048,45196,12.440,0.9660,0.8740,27.0
356000,8192,163396,12.422,0.9560,0.8680,27.0
356200,8192,167252,12.390,0.9520,0.8760,27.0
356400,8192,114736,12.400,0.9580,0.8860,27.0
356600,8192,172368,12.422,0.9420,0.8880,27.0
356800,4096,77100,12.444,0.9480,0.8820,27.0
357000,2048,36032,12.416,0.9440,0.8600,27.0
357200,2048,36168,12.380,0.9500,0.8600,27.0
357400,8192,143564,12.392,0.9540,0.8720,27.0
357600,8192,174604,12.434,0.9580,0.8860,27.0
357800,8192,131220,12.466,0.9620,0.8880,27.0
358000,8192,177680,12.470,0.9600,0.9000,27.0
358200,8192,150656,12.434,0.9520,0.8920,27.0
358400,8192,153656,12.408,0.9540,0.8820,27.0
358600,4096,97244,12.422,0.9660,0.8880,27.0
358800,2048,34604,12.446,0.9660,0.8980,27.0
359000,8192,175480,12.432,0.9620,0.8960,27.0
359200,4096,79092,12.418,0.9580,0.8800,27.0
359400,4096,76404,12.468,0.9680,0.8960,27.0
359600,4096,77932,12.402,0.9500,0.8780,27.0
359800,4096,97208,12.468,0.9540,0.8980,27.0
360000,8192,177184,12.474,0.9460,0.9000,27.0
360200,4096,85628,12.494,0.9560,0.8980,27.0
360400,8192,152632,12.470,0.9520,0.8860,27.0
360600,8192,174372,12.436,0.9580,0.8720,27.0
360800,8192,157376,12.440,0.9600,0.8720,27.0
361000,8192,195804,12.480,0.9640,0.8800,27.0
361200,8192,177972,12.488,0.9740,0.9000,27.0
361400,8192,155500,12.476,0.9720,0.9020,27.0
361600,4096,76500,12.466,0.9680,0.8840,26.9
361800,8192,144988,12.444,0.9680,0.8800,26.9
362000,8192,164588,12.398,0.9620,0.8700,26.9
362200,8192,131912,12.426,0.9560,0.8720,26.9
362400,4096,67124,12.442,0.9600,0.8620,26.9
362600,4096,66028,12.368,0.9480,0.8500,26.9
362800,8192,149168,12.366,0.9480,0.8640,26.9
363000,16384,342936,12.290,0.9280,0.8460,26.9
363200,1024,13860,12.366,0.9340,0.8660,26.9
363400,8192,156324,12.438,0.9500,0.8900,26.9
363600,4096,60504,12.414,0.9440,0.8840,26.9
363800,8192,175300,12.470,0.9560,0.8940,26.9
364000,8192,131208,12.488,0.9520,0.9060,26.9
364200,4096,80568,12.450,0.9520,0.8900,26.9
364400,8192,175268,12.404,0.9580,0.8780,26.9
364600,8192,173536,12.384,0.9600,0.8740,26.9
364800,8192,173584,12.442,0.9660,0.8780,26.9
365000,8192,134332,12.474,0.9640,0.8920,26.8
365200,4096,78808,12.502,0.9720,0.9160,26.8
365400,2048,36968,12.480,0.9700,0.8980,26.8
365600,8192,166096,12.476,0.9680,0.8900,26.8
365800,2048,36232,12.444,0.9580,0.8860,26.8
366000,8192,132132,12.414,0.9380,0.8680,26.8
366200,4096,69696,12.424,0.9460,0.8740,26.8
366400,2048,40356,12.410,0.9540,0.8840,26.8
366600,8192,129220,12.452,0.9580,0.8960,26.8
366800,8192,109748,12.508,0.9720,0.9000,26.8
367000,16384,280628,12.492,0.9720,0.8980,26.8
367200,8192,154608,12.490,0.9680,0.8940,26.8
367400,4096,68172,12.422,0.9540,0.8860,26.8
367600,4096,76224,12.460,0.9620,0.9060,26.8
367800,8192,155744,12.506,0.9700,0.9160,26.8
368000,4096,80396,12.466,0.9640,0.8960,26.8
368200,4096,79112,12.424,0.9600,0.8820,26.8
368400,4096,76568,12.404,0.9640,0.8760,26.7
368600,8192,111840,12.410,0.9580,0.8720,26.7
368800,8192,171584,12.382,0.9440,0.8560,26.7
369000,8192,172344,12.404,0.9440,0.8640,26.7
369200,8192,157092,12.450,0.9520,0.8720,26.7
369400,8192,112864,12.450,0.9580,0.8740,26.7
369600,8192,155264,12.410,0.9620,0.8720,26.7
369800,8192,162296,12.434,0.9680,0.8960,26.7
370000,4096,67492,12.404,0.9600,0.8820,26.7
370200,8192,165672,12.426,0.9520,0.8800,26.7
370400,8192,120688,12.414,0.9520,0.8680,26.7
370600,8192,158128,12.448,0.9540,0.8860,26.7
370800,4096,88324,12.414,0.9520,0.8840,26.7
371000,8192,142440,12.456,0.9600,0.9000,26.7
371200,4096,62260,12.438,0.9560,0.8840,26.7
371400,2048,36248,12.430,0.9560,0.8780,26.7
371600,4096,80076,12.352,0.9460,0.8460,26.7
371800,4096,80132,12.384,0.9440,0.8720,26.7
372000,8192,160496,12.456,0.9560,0.9080,26.6
372200,4096,71044,12.448,0.9660,0.8940,26.6
372400,4096,75744,12.402,0.9540,0.8700,26.6
372600,8192,132668,12.454,0.9600,0.8740,26.6
372800,4096,95440,12.448,0.9600,0.8900,26.6
373000,4096,59364,12.482,0.9620,0.9060,26.6
373200,4096,76572,12.442,0.9600,0.8940,26.6
373400,4096,66116,12.454,0.9620,0.8900,26.6
373600,2048,35112,12.476,0.9620,0.8860,26.6
373800,8192,152160,12.484,0.9640,0.8920,26.6
374000,4096,77252,12.452,0.9520,0.8780,26.6
374200,4096,72132,12.418,0.9460,0.8760,26.6
374400,8192,176556,12.386,0.9500,0.8740,26.6
374600,8192,157088,12.336,0.9460,0.8580,26.6
374800,8192,163524,12.404,0.9580,0.8740,26.6
375000,4096,56148,12.434,0.9660,0.8980,26.5
375200,8192,104740,12.448,0.9640,0.8880,26.5
375400,8192,131868,12.454,0.9620,0.8860,26.5
375600,8192,170844,12.406,0.9580,0.8720,26.5
375800,8192,163616,12.412,0.9580,0.8800,26.5
376000,2048,31128,12.414,0.9580,0.8680,26.5
376200,8192,101184,12.466,0.9640,0.8800,26.5
376400,8192,115280,12.490,0.9600,0.8740,26.5
376600,8192,173276,12.492,0.9640,0.8940,26.5
376800,4096,72088,12.448,0.9620,0.8860,26.5
377000,4096,89512,12.440,0.9700,0.8900,26.5
377200,8192,158008,12.456,0.9640,0.8940,26.5
377400,2048,32772,12.476,0.9620,0.9060,26.5
377600,8192,128796,12.454,0.9580,0.9020,26.5
377800,4096,60320,12.468,0.9620,0.8980,26.4
378000,8192,173168,12.436,0.9560,0.9060,26.4
378200,8192,132904,12.470,0.9740,0.9060,26.4
378400,8192,153512,12.384,0.9580,0.8800,26.4
378600,8192,175112,12.396,0.9600,0.8640,26.4
378800,8192,170508,12.472,0.9700,0.8900,26.4
379000,8192,109512,12.434,0.9560,0.8760,26.4
379200,4096,80132,12.442,0.9560,0.8920,26.4
379400,8192,166664,12.450,0.9560,0.8920,26.4
379600,8192,136800,12.452,0.9580,0.8940,26.4
379800,2048,36396,12.480,0.9600,0.8920,26.4
380000,8192,103192,12.444,0.9600,0.8960,26.4
380200,8192,151552,12.426,0.9600,0.9000,26.4
380400,8192,172544,12.396,0.9580,0.8800,26.4
380600,4096,51804,12.366,0.9480,0.8740,26.4
380800,8192,142748,12.390,0.9500,0.8820,26.4
381000,8192,148948,12.408,0.9500,0.8760,26.4
381200,2048,34808,12.400,0.9480,0.8680,26.4
381400,8192,132704,12.434,0.9520,0.8840,26.3
381600,8192,165168,12.426,0.9500,0.8860,26.3
381800,2048,44324,12.426,0.9440,0.8820,26.3
382000,8192,156280,12.442,0.9420,0.8840,26.3
382200,4096,72820,12.470,0.9540,0.8880,26.3
382400,4096,74780,12.446,0.9520,0.8700,26.3
382600,8192,162316,12.400,0.9460,0.8660,26.3
382800,4096,78896,12.394,0.9400,0.8620,26.3
383000,4096,95704,12.476,0.9580,0.8920,26.3
383200,2048,36212,12.492,0.9700,0.8940,26.3
383400,4096,90480,12.434,0.9660,0.8740,26.3
383600,8192,107408,12.420,0.9640,0.8740,26.3
383800,4096,47752,12.432,0.9540,0.8760,26.3
384000,4096,65672,12.414,0.9480,0.8760,26.3
384200,8192,155700,12.364,0.9440,0.8840,26.3
384400,8192,150680,12.366,0.9480,0.8780,26.3
384600,4096,75508,12.400,0.9580,0.8840,26.3
384800,8192,169312,12.432,0.9620,0.8900,26.3
385000,4096,51028,12.442,0.9620,0.8880,26.3
385200,8192,132824,12.502,0.9540,0.9060,26.3
385400,8192,157260,12.454,0.9400,0.8940,26.3
385600,8192,132612,12.452,0.9420,0.8980,26.3
385800,8192,122896,12.406,0.9400,0.8760,26.3
386000,4096,63448,12.426,0.9480,0.8760,26.2
386200,4096,80872,12.424,0.9380,0.8760,26.2
386400,4096,78644,12.454,0.9460,0.8840,26.2
386600,8192,158296,12.498,0.9680,0.9000,26.2
386800,8192,166424,12.458,0.9600,0.8980,26.2
387000,4096,61644,12.454,0.9580,0.8960,26.2
387200,4096,80796,12.448,0.9480,0.8960,26.2
387400,1024,16192,12.422,0.9440,0.8920,26.2
387600,8192,161760,12.458,0.9460,0.8940,26.2
387800,8192,171280,12.452,0.9420,0.8860,26.2
388000,4096,88784,12.458,0.9460,0.8900,26.2
388200,4096,72168,12.462,0.9540,0.8860,26.2
388400,8192,121060,12.422,0.9480,0.8760,26.2
388600,8192,171020,12.488,0.9640,0.8980,26.2
388800,2048,26136,12.524,0.9660,0.9040,26.2
389000,4096,78804,12.478,0.9660,0.8840,26.2
389200,4096,77848,12.414,0.9480,0.8720,26.2
389400,8192,128900,12.394,0.9480,0.8680,26.2
389600,4096,80176,12.422,0.9560,0.8760,26.2
389800,1024,18336,12.436,0.9560,0.8800,26.1
390000,8192,166320,12.454,0.9580,0.8880,26.1
390200,8192,148404,12.470,0.9680,0.9020,26.1
390400,8192,124136,12.486,0.9700,0.9160,26.1
390600,8192,110664,12.474,0.9640,0.9020,26.1
390800,8192,112928,12.486,0.9640,0.8920,26.1
391000,8192,161516,12.468,0.9560,0.8860,26.1
391200,8192,166668,12.400,0.9420,0.8520,26.1
391400,4096,79776,12.384,0.9560,0.8620,26.1
391600,4096,68112,12.480,0.9700,0.8960,26.1
391800,1024,17976,12.450,0.9600,0.8840,26.1
392000,4096,58752,12.434,0.9520,0.8780,26.0
392200,4096,112268,12.460,0.9500,0.8880,26.0
392400,8192,173040,12.470,0.9500,0.8820,26.0
392600,4096,58404,12.478,0.9520,0.8880,26.0
392800,8192,168208,12.472,0.9500,0.8820,26.0
393000,8192,133140,12.472,0.9560,0.8820,26.0
393200,4096,74036,12.408,0.9520,0.8600,26.0
393400,8192,166520,12.418,0.9600,0.8780,26.0
393600,4096,71248,12.422,0.9640,0.8820,26.0
393800,8192,131232,12.396,0.9560,0.8860,26.0
394000,8192,152052,12.438,0.9560,0.8960,26.0
394200,8192,123392,12.464,0.9600,0.8960,26.0
394400,1024,20000,12.450,0.9620,0.8920,26.0
394600,8192,166016,12.458,0.9520,0.8860,26.0
394800,4096,80212,12.426,0.9460,0.8840,26.0
395000,4096,80580,12.436,0.9460,0.8900,26.0
395200,8192,105836,12.458,0.9560,0.9000,26.0
395400,8192,119732,12.480,0.9580,0.8980,26.0
395600,8192,132812,12.488,0.9600,0.8960,25.9
395800,8192,153560,12.540,0.9640,0.9060,25.9
396000,8192,155328,12.540,0.9720,0.9020,25.9
396200,4096,82052,12.516,0.9720,0.9040,25.9
396400,8192,173324,12.436,0.9660,0.8880,25.9
396600,8192,173040,12.464,0.9620,0.8820,25.9
396800,8192,136872,12.434,0.9580,0.8740,25.9
397000,8192,177356,12.452,0.9620,0.8880,25.9
397200,8192,143440,12.452,0.9700,0.8920,25.9
397400,8192,167552,12.442,0.9660,0.8920,25.9
397600,4096,77208,12.376,0.9500,0.8660,25.9
397800,4096,60640,12.420,0.9460,0.8780,25.9
398000,8192,156296,12.400,0.9500,0.8740,25.9
398200,8192,157008,12.354,0.9460,0.8620,25.9
398400,2048,32032,12.396,0.9560,0.8640,25.9
398600,4096,84892,12.422,0.9440,0.8680,25.9
398800,4096,61260,12.418,0.9460,0.8640,25.9
399000,8192,155064,12.374,0.9360,0.8560,25.9
399200,4096,80528,12.402,0.9460,0.8600,25.9
399400,8192,129004,12.484,0.9540,0.8900,25.9
399600,8192,131468,12.512,0.9580,0.9040,25.8
399800,8192,132572,12.470,0.9580,0.8940,25.8
400000,8192,155504,12.422,0.9560,0.8760,25.8
400200,8192,164724,12.414,0.9520,0.8720,25.8
400400,8192,157988,12.442,0.9460,0.8820,25.8
400600,4096,64756,12.466,0.9540,0.8960,25.8
400800,8192,174048,12.406,0.9500,0.8940,25.8
401000,8192,154908,12.450,0.9620,0.9000,25.8
401200,4096,70336,12.472,0.9720,0.8980,25.8
401400,1024,21036,12.436,0.9480,0.8860,25.8
401600,4096,75464,12.430,0.9540,0.8840,25.8
401800,4096,75664,12.416,0.9480,0.8800,25.8
402000,8192,118320,12.436,0.9480,0.8900,25.8
402200,8192,122236,12.424,0.9480,0.8900,25.7
402400,8192,132416,12.394,0.9460,0.8740,25.7
402600,8192,177924,12.434,0.9620,0.8860,25.7
402800,8192,142184,12.380,0.9540,0.8660,25.7
403000,4096,88120,12.370,0.9520,0.8640,25.7
